{
	"format_version": "1.12.0",
	"minecraft:geometry": [
		{
			"description": {
				"identifier": "geometry.unknown",
				"texture_width": 32,
				"texture_height": 32,
				"visible_bounds_width": 3,
				"visible_bounds_height": 1.5,
				"visible_bounds_offset": [0, 0.25, 0]
			},
			"bones": [
				{
					"name": "root",
					"pivot": [0.0312, 5.9688, 0.2813]
				},
				{
					"name": "Wind_staff",
					"parent": "root",
					"pivot": [0, 5.96875, 2.4375],
					"rotation": [88.25, 0, 0],
					"cubes": [
						{"origin": [-0.70711, -7.36336, 1.4375], "size": [0, 2, 2], "pivot": [0, -5.65625, 2.4375], "rotation": [90, 45, 90], "uv": [12, 12]},
						{"origin": [-1.5, 14.34375, 0.9375], "size": [3, 1, 3], "uv": [4, 0]},
						{"origin": [-1.5, 18.34375, 0.9375], "size": [3, 1, 3], "uv": [19, 0]},
						{"origin": [-1, 15.34375, 1.4375], "size": [2, 2, 2], "uv": [4, 8]},
						{"origin": [0, 17.34375, 1.4375], "size": [0, 1, 2], "uv": [0, 15]},
						{"origin": [0, 17.34375, 1.4375], "size": [0, 1, 2], "pivot": [0, 17.84375, 2.4375], "rotation": [0, -90, 0], "uv": [13, 0]},
						{"origin": [-1, -6.65625, 1.4375], "size": [0, 2, 2], "pivot": [-1, -5.65625, 2.4375], "rotation": [0, 0, 45], "uv": [12, 14]},
						{"origin": [1, -6.65625, 1.4375], "size": [0, 2, 2], "pivot": [1, -5.65625, 2.4375], "rotation": [0, 0, -45], "uv": [0, 13]},
						{"origin": [0.70711, -7.36336, 1.4375], "size": [0, 2, 2], "pivot": [0, -5.65625, 2.4375], "rotation": [-90, 45, -90], "uv": [10, 6]},
						{"origin": [-1, -6.65625, 1.4375], "size": [2, 2, 2], "uv": [10, 10]},
						{"origin": [-0.5, -4.65625, 1.9375], "size": [1, 14, 1], "uv": [0, 0]},
						{"origin": [-0.5, 9.34375, 1.9375], "size": [1, 5, 1], "uv": [14, 4]}
					]
				},
				{
					"name": "right_stick",
					"parent": "Wind_staff",
					"pivot": [2.06021, 14.80721, 2.4375],
					"cubes": [
						{"origin": [1.5, 14.34375, 1.9375], "size": [1, 5, 1], "inflate": 0.1, "pivot": [2.06021, 14.80721, 2.4375], "rotation": [0, 0, 22.5], "uv": [4, 12]},
						{"origin": [0.13956, 10.33729, 2.4375], "size": [5, 4, 0], "pivot": [2.06021, 14.80721, 2.4375], "rotation": [0, 0, -90], "uv": [4, 4]},
						{"origin": [5.06344, 9.9546, 1.9375], "size": [1, 3, 1], "pivot": [2.06021, 14.80721, 2.4375], "rotation": [0, 0, -90], "uv": [8, 14]}
					]
				},
				{
					"name": "left_stick",
					"parent": "Wind_staff",
					"pivot": [-2.06021, 14.80721, 2.4375],
					"cubes": [
						{"origin": [-2.5, 14.34375, 1.9375], "size": [1, 5, 1], "inflate": 0.1, "pivot": [-2.06021, 14.80721, 2.4375], "rotation": [0, 0, -22.5], "uv": [4, 12], "mirror": true},
						{"origin": [-6.06344, 9.9546, 1.9375], "size": [1, 3, 1], "pivot": [-2.06021, 14.80721, 2.4375], "rotation": [0, 0, 90], "uv": [8, 14], "mirror": true},
						{"origin": [-5.13956, 10.33729, 2.4375], "size": [5, 4, 0], "pivot": [-2.06021, 14.80721, 2.4375], "rotation": [0, 0, 90], "uv": [4, 4], "mirror": true}
					]
				},
				{
					"name": "Rotator",
					"parent": "Wind_staff",
					"pivot": [0, 11.84375, 2.4375],
					"cubes": [
						{"origin": [-1.5, 9.34375, 0.9375], "size": [3, 5, 3], "uv": [0, 24]},
						{"origin": [-1.5, 9.34375, 0.9375], "size": [3, 5, 3], "inflate": -0.2, "uv": [14, 24]}
					]
				},
				{
					"name": "bone2",
					"parent": "Wind_staff",
					"pivot": [0.5, -4.65625, 2.9375],
					"cubes": [
						{"origin": [-0.5, -4.65625, 1.9375], "size": [1, 14, 1], "inflate": 0.2, "uv": [28, 17]}
					]
				},
				{
					"name": "Right_arm",
					"parent": "root",
					"pivot": [-0.03125, 4.40625, 9.625]
				},
				{
					"name": "righthand",
					"parent": "Right_arm",
					"pivot": [-0.03125, 4.40625, 9.625],
					"rotation": [14.84392, -2.07725, 39.47521]
				},
				{
					"name": "righthand_pos",
					"parent": "righthand",
					"pivot": [-6.03125, -5.59375, 9.625],
					"cubes": [
						{
							"origin": [-2.03125, -5.59375, 7.625],
							"size": [3, 12, 4],
							"uv": {
								"north": {"uv": [7, 12], "uv_size": [3, 12]},
								"east": {"uv": [8, 0], "uv_size": [4, 12]},
								"south": {"uv": [10, 12], "uv_size": [3, 12]},
								"west": {"uv": [0, 12], "uv_size": [4, 12]},
								"up": {"uv": [15, 4], "uv_size": [3, 4]},
								"down": {"uv": [15, 12], "uv_size": [3, -4]}
							}
						}
					]
				},
				{
					"name": "Left_arm",
					"parent": "root",
					"pivot": [0.18239, 4.75, 2.9375]
				},
				{
					"name": "lefthand",
					"parent": "Left_arm",
					"pivot": [0.18239, 4.75, 2.9375],
					"rotation": [6.22111, -72.7201, -51.30554]
				},
				{
					"name": "lefthand_pos",
					"parent": "lefthand",
					"pivot": [6.18239, -5.25, 2.9375],
					"cubes": [
						{
							"origin": [-0.81761, -5.25, 0.9375],
							"size": [3, 12, 4],
							"uv": {
								"north": {"uv": [12, 0], "uv_size": [3, 12]},
								"east": {"uv": [0, 0], "uv_size": [4, 12]},
								"south": {"uv": [4, 12], "uv_size": [3, 12]},
								"west": {"uv": [4, 0], "uv_size": [4, 12]},
								"up": {"uv": [13, 12], "uv_size": [3, 4]},
								"down": {"uv": [15, 4], "uv_size": [3, -4]}
							}
						}
					]
				},
				{
					"name": "attachments_positons",
					"parent": "root",
					"pivot": [0, 0, -5.84375]
				},
				{
					"name": "muzzle_flash",
					"parent": "attachments_positons",
					"pivot": [0.07855, 6.46045, -11.92703]
				},
				{
					"name": "camera",
					"pivot": [3.72055, 10.87363, 11.41714]
				},
				{
					"name": "view",
					"pivot": [0, 0, 0]
				},
				{
					"name": "idle_view",
					"parent": "view",
					"pivot": [3.7206, 10.8736, 11.4171]
				},
				{
					"name": "iron_view",
					"parent": "view",
					"pivot": [3.31435, 10.7486, 9.69835]
				},
				{
					"name": "refit_view",
					"parent": "view",
					"pivot": [22.46875, 5.2625, 7.05625],
					"rotation": [0, 90, 0]
				},
				{
					"name": "positioning",
					"pivot": [0, 0, 0]
				},
				{
					"name": "fixed",
					"parent": "positioning",
					"pivot": [-0.9625, 6.025, 5.48125],
					"rotation": [90, 75, 90]
				},
				{
					"name": "ground",
					"parent": "positioning",
					"pivot": [0, 0.25, -0.59375]
				},
				{
					"name": "thirdperson_hand",
					"parent": "positioning",
					"pivot": [0.1875, 5.6375, 5.89375],
					"rotation": [90, 0, 0]
				}
			]
		}
	]
}