{
	"format_version": "1.8.0",
	"animations": {
		"static_idle": {
			"animation_length": 1.25,
			"bones": {
				"lefthand": {
					"rotation": [0, -12.5, 0],
					"position": [0, 0, 0],
					"scale": [1, 1.3, 1]
				},
				"righthand": {
					"rotation": [0, 0, 0],
					"position": [0, 0, 0],
					"scale": [1, 1.3, 1]
				}
			}
		},
		"shoot": {
			"animation_length": 0.7083,
			"bones": {
				"root": {
					"rotation": {
						"0.0": {
							"post": [0, 0, 0],
							"lerp_mode": "catmullrom"
						},
						"0.0417": {
							"post": [-9.78125, 0, 0],
							"lerp_mode": "catmullrom"
						},
						"0.1667": {
							"post": [-9.47, 0, 0],
							"lerp_mode": "catmullrom"
						},
						"0.4167": {
							"post": [-2.4375, 0, 0],
							"lerp_mode": "catmullrom"
						},
						"0.7083": {
							"post": [0, 0, 0],
							"lerp_mode": "catmullrom"
						}
					},
					"position": {
						"0.0": {
							"post": [0, 0, 0],
							"lerp_mode": "catmullrom"
						},
						"0.0417": {
							"post": [0, -0.90625, 6.03125],
							"lerp_mode": "catmullrom"
						},
						"0.25": {
							"post": [0, 0.46875, 2.2075],
							"lerp_mode": "catmullrom"
						},
						"0.375": {
							"post": [0, 0, 1.15625],
							"lerp_mode": "catmullrom"
						},
						"0.7083": {
							"post": [0, 0, 0],
							"lerp_mode": "catmullrom"
						}
					}
				},
				"Rotatry1": {
					"rotation": {
						"0.0": [0, 0, 0],
						"0.0833": [0, 0, -22.5],
						"0.2083": [0, 0, -15],
						"0.5833": [0, 0, 0]
					},
					"position": {
						"0.0": [0, 0, 0],
						"0.5833": [0, 0, 0]
					}
				},
				"bone4": {
					"rotation": {
						"0.0417": [0, 0, 0],
						"0.125": [0, 0, -20],
						"0.25": [0, 0, -20],
						"0.5833": [0, 0, 0]
					},
					"position": {
						"0.0417": [0, 0, 0],
						"0.5833": [0, 0, 0]
					}
				},
				"Rotatry3": {
					"rotation": {
						"0.0": [0, 0, 0],
						"0.0833": [25, 0, 0],
						"0.2083": [25, 0, 0],
						"0.5833": [0, 0, 0]
					},
					"position": {
						"0.0": [0, 0, 0],
						"0.5833": [0, 0, 0]
					}
				},
				"Rotatry2": {
					"rotation": {
						"0.0": [0, 0, 0],
						"0.0833": [-25, 0, 0],
						"0.2083": [-25, 0, 0],
						"0.5833": [0, 0, 0]
					},
					"position": {
						"0.0": [0, 0, 0],
						"0.5833": [0, 0, 0]
					}
				},
				"bone5": {
					"rotation": {
						"0.0417": [0, 0, 0],
						"0.125": [-20, 0, 0],
						"0.25": [-35, 0, 0],
						"0.5833": [0, 0, 0]
					},
					"position": {
						"0.0417": [0, 0, 0],
						"0.5833": [0, 0, 0]
					}
				},
				"rotatingthingy": {
					"rotation": {
						"0.0": [0, 0, 0],
						"0.625": {
							"pre": [0, 360, 0],
							"post": [0, 0, 0]
						}
					}
				},
				"bone8": {
					"rotation": {
						"0.0417": [0, 0, 0],
						"0.125": [20, 0, 0],
						"0.25": [35, 0, 0],
						"0.5833": [0, 0, 0]
					},
					"position": {
						"0.0417": [0, 0, 0],
						"0.5833": [0, 0, 0]
					}
				},
				"Rotatry4": {
					"rotation": {
						"0.0": [0, 0, 0],
						"0.0833": [0, 0, 22.5],
						"0.2083": [0, 0, 15],
						"0.5833": [0, 0, 0]
					},
					"position": {
						"0.0": [0, 0, 0],
						"0.5833": [0, 0, 0]
					}
				},
				"bone9": {
					"rotation": {
						"0.0417": [0, 0, 0],
						"0.125": [0, 0, 32.5],
						"0.25": [0, 0, 22.5],
						"0.5833": [0, 0, 0]
					},
					"position": {
						"0.0417": [0, 0, 0],
						"0.125": [-0.34375, 0.8125, 0],
						"0.25": [-0.125, 0.4025, 0],
						"0.5833": [0, 0, 0]
					}
				},
				"camera": {
					"rotation": {
						"0.0": {
							"post": [0, 0, 0],
							"lerp_mode": "catmullrom"
						},
						"0.0417": {
							"post": [-1.69039, 0.04426, 2.81185],
							"lerp_mode": "catmullrom"
						},
						"0.0833": {
							"post": [-3.7988, -0.20723, -1.46142],
							"lerp_mode": "catmullrom"
						},
						"0.1667": {
							"post": [-4.65625, 0, 1.375],
							"lerp_mode": "catmullrom"
						},
						"0.25": {
							"post": [-3.60469, -0.09781, -0.74306],
							"lerp_mode": "catmullrom"
						},
						"0.375": {
							"post": [-1.43689, -0.02584, 0.14287],
							"lerp_mode": "catmullrom"
						},
						"0.5417": {
							"post": [-0.15625, 0, 0],
							"lerp_mode": "catmullrom"
						},
						"0.7083": {
							"post": [0, 0, 0],
							"lerp_mode": "catmullrom"
						}
					}
				}
			}
		},
		"reload_tactical": {
			"animation_length": 2.7083,
			"bones": {
				"root": {
					"rotation": {
						"0.0": [0, 0, 0],
						"0.1667": [-21.03006, -26.83187, 17.82884],
						"0.2917": {
							"pre": [-66.23698, -62.29438, 41.39244],
							"post": [-66.23698, -62.29438, 41.39244],
							"lerp_mode": "catmullrom"
						},
						"0.375": {
							"post": [-66.23698, -62.29438, 41.39244],
							"lerp_mode": "catmullrom"
						},
						"0.4583": {
							"post": [-66.24, -62.29, 41.39],
							"lerp_mode": "catmullrom"
						},
						"0.6667": {
							"post": [-67.83963, -62.64084, 41.62504],
							"lerp_mode": "catmullrom"
						},
						"0.75": {
							"post": [-67.27432, -62.47363, 40.03065],
							"lerp_mode": "catmullrom"
						},
						"0.7917": {
							"post": [-68.19472, -62.64099, 40.62691],
							"lerp_mode": "catmullrom"
						},
						"0.8333": {
							"post": [-68.68487, -62.70678, 40.73995],
							"lerp_mode": "catmullrom"
						},
						"0.9167": {
							"post": [-71.8291, -63.22728, 43.33546],
							"lerp_mode": "catmullrom"
						},
						"0.9583": {
							"post": [-69.83011, -62.85904, 40.68328],
							"lerp_mode": "catmullrom"
						},
						"1.0": {
							"post": [-71.04831, -62.96109, 41.83956],
							"lerp_mode": "catmullrom"
						},
						"1.125": {
							"post": [-70.25, -61.97, 41.6],
							"lerp_mode": "catmullrom"
						},
						"1.2083": {
							"post": [-69.39323, -61.66401, 41.58084],
							"lerp_mode": "catmullrom"
						},
						"1.2917": {
							"post": [-68.24563, -62.17814, 40.9118],
							"lerp_mode": "catmullrom"
						},
						"1.3333": {
							"post": [-70.07327, -62.84924, 42.70318],
							"lerp_mode": "catmullrom"
						},
						"1.4167": {
							"post": [-68.49667, -63.60775, 41.89282],
							"lerp_mode": "catmullrom"
						},
						"1.4583": {
							"post": [-69.89671, -64.43865, 43.99503],
							"lerp_mode": "catmullrom"
						},
						"1.5": {
							"post": [-68.32, -64.38, 42.79],
							"lerp_mode": "catmullrom"
						},
						"1.7083": {
							"post": [-66.24, -62.29, 41.39],
							"lerp_mode": "catmullrom"
						},
						"1.9583": {
							"post": [-30.37955, -26.20048, 17.16598],
							"lerp_mode": "catmullrom"
						},
						"2.2083": {
							"post": [-4.125, -4.125, 6.625],
							"lerp_mode": "catmullrom"
						},
						"2.375": [0, 0, 0]
					},
					"position": {
						"0.0": [0, 0, 0],
						"0.1667": {
							"pre": [3.86, -1.5325, -0.8],
							"post": [3.86, -1.5325, -0.8],
							"lerp_mode": "catmullrom"
						},
						"0.2917": {
							"post": [7.71875, -0.4375, -1.59375],
							"lerp_mode": "catmullrom"
						},
						"0.375": {
							"post": [7.71875, -0.4375, -1.59375],
							"lerp_mode": "catmullrom"
						},
						"0.4583": {
							"post": [6.21989, -1.21465, -1.268],
							"lerp_mode": "catmullrom"
						},
						"0.6667": {
							"post": [6.0475, -1.31125, -1.24],
							"lerp_mode": "catmullrom"
						},
						"0.8333": {
							"post": [6.02455, -1.20353, -1.30662],
							"lerp_mode": "catmullrom"
						},
						"0.875": {
							"post": [6.03539, -1.20269, -1.23335],
							"lerp_mode": "catmullrom"
						},
						"0.9167": {
							"post": [6.01146, -1.17251, -1.25221],
							"lerp_mode": "catmullrom"
						},
						"1.1667": {
							"post": [6.06, -0.91625, -1.23],
							"lerp_mode": "catmullrom"
						},
						"1.25": {
							"post": [7.75921, -0.11747, -1.51635],
							"lerp_mode": "catmullrom"
						},
						"1.3333": {
							"post": [7.84569, -0.06807, -1.52741],
							"lerp_mode": "catmullrom"
						},
						"1.375": {
							"post": [7.83437, -0.07203, -1.52257],
							"lerp_mode": "catmullrom"
						},
						"1.4167": {
							"post": [7.78462, -0.08499, -1.52492],
							"lerp_mode": "catmullrom"
						},
						"1.5": {
							"post": [7.75921, -0.11747, -1.51635],
							"lerp_mode": "catmullrom"
						},
						"1.7083": {
							"post": [7.21425, -0.08766, -1.73638],
							"lerp_mode": "catmullrom"
						},
						"1.9583": {
							"post": [3.76741, -1.81018, -1.21005],
							"lerp_mode": "catmullrom"
						},
						"2.2083": {
							"post": [0.75, 0, 0],
							"lerp_mode": "catmullrom"
						},
						"2.375": [0, 0, 0]
					}
				},
				"Left_arm": {
					"rotation": {
						"0.4167": [0, 0, 0],
						"0.6667": [2.5, -10, 0],
						"1.1667": [2.5, -10, 0],
						"1.3333": [0, 0, 0]
					},
					"position": {
						"0.4167": [0, 0, 0],
						"0.6667": [0, 0, 0.6875],
						"1.1667": [0, 0, 0.6875],
						"1.3333": [0, 0, 0]
					}
				},
				"lefthand": {
					"rotation": [0, -12.5, 0],
					"position": [0, 0, 0],
					"scale": [1, 1.3, 1]
				},
				"righthand": {
					"rotation": [0, 0, 0],
					"position": [0, 0, 0],
					"scale": [1, 1.3, 1]
				},
				"rotatingthingy": {
					"rotation": {
						"0.4583": [0, 0, 0],
						"0.5417": {
							"pre": [0, 0, 0],
							"post": [0, 0, 0],
							"lerp_mode": "catmullrom"
						},
						"0.7917": {
							"post": [0, 38.96875, 0],
							"lerp_mode": "catmullrom"
						},
						"1.0417": {
							"pre": [0, 268.25, 0],
							"post": [0, 0, 0]
						},
						"1.125": [0, 0, 0],
						"1.375": [0, 0, 0]
					},
					"position": {
						"0.4583": [0, 0, 0],
						"0.5417": {
							"pre": [0, -0.625, 0],
							"post": [0, -0.625, 0],
							"lerp_mode": "catmullrom"
						},
						"0.7917": {
							"post": [0, -0.625, 0],
							"lerp_mode": "catmullrom"
						},
						"1.0417": [0, -0.62, 0],
						"1.125": [0, -0.62, 0],
						"1.2083": [0, 0.005, 0],
						"1.2917": [0, -0.12559, 0],
						"1.375": [0, 0, 0]
					}
				},
				"camera": {
					"rotation": {
						"0.0": {
							"post": [0, 0, 0],
							"lerp_mode": "catmullrom"
						},
						"0.1667": {
							"post": [2.15105, -1.61651, 2.0636],
							"lerp_mode": "catmullrom"
						},
						"0.3333": {
							"post": [-0.16801, -2.74487, 2.94153],
							"lerp_mode": "catmullrom"
						},
						"0.5": {
							"post": [4.33199, -2.74487, 3.50403],
							"lerp_mode": "catmullrom"
						},
						"0.6667": {
							"post": [2.89116, -2.68246, 2.25418],
							"lerp_mode": "catmullrom"
						},
						"0.8333": {
							"post": [3.64116, -2.68246, 2.25418],
							"lerp_mode": "catmullrom"
						},
						"0.9167": {
							"post": [3.16598, -2.75226, 2.37884],
							"lerp_mode": "catmullrom"
						},
						"0.9583": {
							"post": [3.0178, -2.60775, 0.69566],
							"lerp_mode": "catmullrom"
						},
						"1.0417": {
							"post": [2.2961, -2.76425, 2.94227],
							"lerp_mode": "catmullrom"
						},
						"1.1667": {
							"post": [2.5158, -2.56228, 0.56214],
							"lerp_mode": "catmullrom"
						},
						"1.25": {
							"post": [0.66356, -2.5897, 1.57813],
							"lerp_mode": "catmullrom"
						},
						"1.3333": {
							"post": [0.43426, -2.57466, 1.25018],
							"lerp_mode": "catmullrom"
						},
						"1.4583": {
							"post": [1.8201, -2.65657, 1.68894],
							"lerp_mode": "catmullrom"
						},
						"1.75": {
							"post": [1.54661, -2.70838, 0.24799],
							"lerp_mode": "catmullrom"
						},
						"2.2917": {
							"post": [0, 0, 0],
							"lerp_mode": "catmullrom"
						}
					},
					"position": {
						"0.0": {
							"post": [0, 0, 0],
							"lerp_mode": "catmullrom"
						},
						"2.2917": {
							"post": [0, 0, 0],
							"lerp_mode": "catmullrom"
						}
					}
				}
			}
		},
		"reload_empty": {
			"animation_length": 2.7083,
			"bones": {
				"root": {
					"rotation": {
						"0.0": [0, 0, 0],
						"0.1667": [-21.03006, -26.83187, 17.82884],
						"0.2917": {
							"pre": [-66.23698, -62.29438, 41.39244],
							"post": [-66.23698, -62.29438, 41.39244],
							"lerp_mode": "catmullrom"
						},
						"0.375": {
							"post": [-66.23698, -62.29438, 41.39244],
							"lerp_mode": "catmullrom"
						},
						"0.4583": {
							"post": [-66.24, -62.29, 41.39],
							"lerp_mode": "catmullrom"
						},
						"0.6667": {
							"post": [-67.83963, -62.64084, 41.62504],
							"lerp_mode": "catmullrom"
						},
						"0.75": {
							"post": [-67.27432, -62.47363, 40.03065],
							"lerp_mode": "catmullrom"
						},
						"0.7917": {
							"post": [-68.19472, -62.64099, 40.62691],
							"lerp_mode": "catmullrom"
						},
						"0.8333": {
							"post": [-68.68487, -62.70678, 40.73995],
							"lerp_mode": "catmullrom"
						},
						"0.9167": {
							"post": [-71.8291, -63.22728, 43.33546],
							"lerp_mode": "catmullrom"
						},
						"0.9583": {
							"post": [-69.83011, -62.85904, 40.68328],
							"lerp_mode": "catmullrom"
						},
						"1.0": {
							"post": [-71.04831, -62.96109, 41.83956],
							"lerp_mode": "catmullrom"
						},
						"1.125": {
							"post": [-70.25, -61.97, 41.6],
							"lerp_mode": "catmullrom"
						},
						"1.2083": {
							"post": [-69.39323, -61.66401, 41.58084],
							"lerp_mode": "catmullrom"
						},
						"1.2917": {
							"post": [-68.24563, -62.17814, 40.9118],
							"lerp_mode": "catmullrom"
						},
						"1.3333": {
							"post": [-70.07327, -62.84924, 42.70318],
							"lerp_mode": "catmullrom"
						},
						"1.4167": {
							"post": [-68.49667, -63.60775, 41.89282],
							"lerp_mode": "catmullrom"
						},
						"1.4583": {
							"post": [-69.89671, -64.43865, 43.99503],
							"lerp_mode": "catmullrom"
						},
						"1.5": {
							"post": [-68.32, -64.38, 42.79],
							"lerp_mode": "catmullrom"
						},
						"1.7083": {
							"post": [-66.24, -62.29, 41.39],
							"lerp_mode": "catmullrom"
						},
						"1.9583": {
							"post": [-30.37955, -26.20048, 17.16598],
							"lerp_mode": "catmullrom"
						},
						"2.2083": {
							"post": [-4.125, -4.125, 6.625],
							"lerp_mode": "catmullrom"
						},
						"2.375": [0, 0, 0]
					},
					"position": {
						"0.0": [0, 0, 0],
						"0.1667": {
							"pre": [3.86, -1.5325, -0.8],
							"post": [3.86, -1.5325, -0.8],
							"lerp_mode": "catmullrom"
						},
						"0.2917": {
							"post": [7.71875, -0.4375, -1.59375],
							"lerp_mode": "catmullrom"
						},
						"0.375": {
							"post": [7.71875, -0.4375, -1.59375],
							"lerp_mode": "catmullrom"
						},
						"0.4583": {
							"post": [6.21989, -1.21465, -1.268],
							"lerp_mode": "catmullrom"
						},
						"0.6667": {
							"post": [6.0475, -1.31125, -1.24],
							"lerp_mode": "catmullrom"
						},
						"0.8333": {
							"post": [6.02455, -1.20353, -1.30662],
							"lerp_mode": "catmullrom"
						},
						"0.875": {
							"post": [6.03539, -1.20269, -1.23335],
							"lerp_mode": "catmullrom"
						},
						"0.9167": {
							"post": [6.01146, -1.17251, -1.25221],
							"lerp_mode": "catmullrom"
						},
						"1.1667": {
							"post": [6.06, -0.91625, -1.23],
							"lerp_mode": "catmullrom"
						},
						"1.25": {
							"post": [7.75921, -0.11747, -1.51635],
							"lerp_mode": "catmullrom"
						},
						"1.3333": {
							"post": [7.84569, -0.06807, -1.52741],
							"lerp_mode": "catmullrom"
						},
						"1.375": {
							"post": [7.83437, -0.07203, -1.52257],
							"lerp_mode": "catmullrom"
						},
						"1.4167": {
							"post": [7.78462, -0.08499, -1.52492],
							"lerp_mode": "catmullrom"
						},
						"1.5": {
							"post": [7.75921, -0.11747, -1.51635],
							"lerp_mode": "catmullrom"
						},
						"1.7083": {
							"post": [7.21425, -0.08766, -1.73638],
							"lerp_mode": "catmullrom"
						},
						"1.9583": {
							"post": [3.76741, -1.81018, -1.21005],
							"lerp_mode": "catmullrom"
						},
						"2.2083": {
							"post": [0.75, 0, 0],
							"lerp_mode": "catmullrom"
						},
						"2.375": [0, 0, 0]
					}
				},
				"Left_arm": {
					"rotation": {
						"0.4167": [0, 0, 0],
						"0.6667": [2.5, -10, 0],
						"1.1667": [2.5, -10, 0],
						"1.3333": [0, 0, 0]
					},
					"position": {
						"0.4167": [0, 0, 0],
						"0.6667": [0, 0, 0.6875],
						"1.1667": [0, 0, 0.6875],
						"1.3333": [0, 0, 0]
					}
				},
				"lefthand": {
					"rotation": [0, -12.5, 0],
					"position": [0, 0, 0],
					"scale": [1, 1.3, 1]
				},
				"righthand": {
					"rotation": [0, 0, 0],
					"position": [0, 0, 0],
					"scale": [1, 1.3, 1]
				},
				"rotatingthingy": {
					"rotation": {
						"0.4583": [0, 0, 0],
						"0.5417": {
							"pre": [0, 0, 0],
							"post": [0, 0, 0],
							"lerp_mode": "catmullrom"
						},
						"0.7917": {
							"post": [0, 38.96875, 0],
							"lerp_mode": "catmullrom"
						},
						"1.0417": {
							"pre": [0, 268.25, 0],
							"post": [0, 0, 0]
						},
						"1.125": [0, 0, 0],
						"1.375": [0, 0, 0]
					},
					"position": {
						"0.4583": [0, 0, 0],
						"0.5417": {
							"pre": [0, -0.625, 0],
							"post": [0, -0.625, 0],
							"lerp_mode": "catmullrom"
						},
						"0.7917": {
							"post": [0, -0.625, 0],
							"lerp_mode": "catmullrom"
						},
						"1.0417": [0, -0.62, 0],
						"1.125": [0, -0.62, 0],
						"1.2083": [0, 0.005, 0],
						"1.2917": [0, -0.12559, 0],
						"1.375": [0, 0, 0]
					}
				},
				"Rotatry1": {
					"rotation": {
						"0.375": [0, 0, 0],
						"0.6667": [0, 0, -22.5],
						"1.125": [0, 0, -15],
						"1.1667": [0, 0, 0]
					},
					"position": {
						"0.375": [0, 0, 0],
						"1.1667": [0, 0, 0]
					}
				},
				"bone4": {
					"rotation": {
						"0.5833": [0, 0, 0],
						"0.7917": [0, 0, -20],
						"1.125": [0, 0, -20],
						"1.1667": [0, 0, 0]
					},
					"position": {
						"0.5833": [0, 0, 0],
						"1.1667": [0, 0, 0]
					}
				},
				"Rotatry3": {
					"rotation": {
						"0.4583": [0, 0, 0],
						"0.5417": [25, 0, 0],
						"1.125": [25, 0, 0],
						"1.1667": [0, 0, 0]
					},
					"position": {
						"0.4583": [0, 0, 0],
						"1.1667": [0, 0, 0]
					}
				},
				"Rotatry2": {
					"rotation": {
						"0.4583": [0, 0, 0],
						"0.625": [-25, 0, 0],
						"1.0833": [-25, 0, 0],
						"1.125": [0, 0, 0]
					},
					"position": {
						"0.4583": [0, 0, 0],
						"1.125": [0, 0, 0]
					}
				},
				"bone5": {
					"rotation": {
						"0.625": [0, 0, 0],
						"0.7083": [-20, 0, 0],
						"1.125": [-35, 0, 0],
						"1.1667": [0, 0, 0]
					},
					"position": {
						"0.625": [0, 0, 0],
						"1.1667": [0, 0, 0]
					}
				},
				"bone8": {
					"rotation": {
						"0.4583": [0, 0, 0],
						"0.7917": [25, 0, 0],
						"1.125": [25, 0, 0],
						"1.1667": [0, 0, 0]
					},
					"position": {
						"0.4583": [0, 0, 0],
						"1.1667": [0, 0, 0]
					}
				},
				"Rotatry4": {
					"rotation": {
						"0.375": [0, 0, 0],
						"0.6667": [0, 0, 22.5],
						"0.7917": [0, 0, 15],
						"1.0833": [0, 0, 15],
						"1.125": [0, 0, 0]
					},
					"position": {
						"0.375": [0, 0, 0],
						"1.125": [0, 0, 0]
					}
				},
				"bone9": {
					"rotation": {
						"0.4167": [0, 0, 0],
						"0.7083": [0, 0, 22.5],
						"1.0833": [0, 0, 22.5],
						"1.125": [0, 0, 0]
					},
					"position": {
						"0.4167": [0, 0, 0],
						"1.125": [0, 0, 0]
					}
				},
				"camera": {
					"rotation": {
						"0.0": {
							"post": [0, 0, 0],
							"lerp_mode": "catmullrom"
						},
						"0.1667": {
							"post": [2.15105, -1.61651, 2.0636],
							"lerp_mode": "catmullrom"
						},
						"0.3333": {
							"post": [-0.16801, -2.74487, 2.94153],
							"lerp_mode": "catmullrom"
						},
						"0.5": {
							"post": [4.33199, -2.74487, 3.50403],
							"lerp_mode": "catmullrom"
						},
						"0.6667": {
							"post": [2.89116, -2.68246, 2.25418],
							"lerp_mode": "catmullrom"
						},
						"0.8333": {
							"post": [3.64116, -2.68246, 2.25418],
							"lerp_mode": "catmullrom"
						},
						"0.9167": {
							"post": [3.16598, -2.75226, 2.37884],
							"lerp_mode": "catmullrom"
						},
						"0.9583": {
							"post": [3.0178, -2.60775, 0.69566],
							"lerp_mode": "catmullrom"
						},
						"1.0417": {
							"post": [2.2961, -2.76425, 2.94227],
							"lerp_mode": "catmullrom"
						},
						"1.1667": {
							"post": [2.5158, -2.56228, 0.56214],
							"lerp_mode": "catmullrom"
						},
						"1.25": {
							"post": [0.66356, -2.5897, 1.57813],
							"lerp_mode": "catmullrom"
						},
						"1.3333": {
							"post": [0.43426, -2.57466, 1.25018],
							"lerp_mode": "catmullrom"
						},
						"1.4583": {
							"post": [1.8201, -2.65657, 1.68894],
							"lerp_mode": "catmullrom"
						},
						"1.75": {
							"post": [1.54661, -2.70838, 0.24799],
							"lerp_mode": "catmullrom"
						},
						"2.2917": {
							"post": [0, 0, 0],
							"lerp_mode": "catmullrom"
						}
					},
					"position": {
						"0.0": {
							"post": [0, 0, 0],
							"lerp_mode": "catmullrom"
						},
						"2.2917": {
							"post": [0, 0, 0],
							"lerp_mode": "catmullrom"
						}
					}
				}
			}
		},
		"inspect": {
			"animation_length": 5.4167,
			"bones": {
				"root": {
					"rotation": {
						"0.0": {
							"post": [0, 0, 0],
							"lerp_mode": "catmullrom"
						},
						"0.2083": {
							"post": [-44.79172, -3.1622, 2.80423],
							"lerp_mode": "catmullrom"
						},
						"0.375": {
							"post": [-63.01869, -3.21, 6.24],
							"lerp_mode": "catmullrom"
						},
						"0.7083": {
							"post": [-74.80563, -3.96239, 5.85052],
							"lerp_mode": "catmullrom"
						},
						"1.7083": {
							"post": [-76.1043, -6.8051, 4.52214],
							"lerp_mode": "catmullrom"
						},
						"2.4167": {
							"post": [-76.59624, -8.65488, 3.37064],
							"lerp_mode": "catmullrom"
						},
						"2.9167": {
							"post": [-72.79, -3.21, 6.24],
							"lerp_mode": "catmullrom"
						},
						"3.0417": {
							"post": [-39.51999, 49.86554, 43.08516],
							"lerp_mode": "catmullrom"
						},
						"3.1667": {
							"post": [19.70946, 67.03515, 116.62984],
							"lerp_mode": "catmullrom"
						},
						"3.5": {
							"post": [65.04436, 45.55987, 168.85393],
							"lerp_mode": "catmullrom"
						},
						"4.4167": {
							"post": [65.04436, 45.55987, 168.85393],
							"lerp_mode": "catmullrom"
						},
						"4.75": {
							"post": [65.04436, 45.55987, 160.54143],
							"lerp_mode": "catmullrom"
						},
						"4.9167": {
							"post": [48.45061, 45.55987, 116.19768],
							"lerp_mode": "catmullrom"
						},
						"5.0417": {
							"post": [24.88811, 31.71612, 58.22893],
							"lerp_mode": "catmullrom"
						},
						"5.1667": {
							"post": [0, 0, 0],
							"lerp_mode": "catmullrom"
						},
						"5.4167": {
							"post": [0, 0, 0],
							"lerp_mode": "catmullrom"
						}
					},
					"position": {
						"0.0": {
							"post": [0, 0, 0],
							"lerp_mode": "catmullrom"
						},
						"0.1667": {
							"post": [1.81143, -1.38013, -2.89029],
							"lerp_mode": "catmullrom"
						},
						"0.2917": {
							"post": [3.20332, -0.74402, -4.9836],
							"lerp_mode": "catmullrom"
						},
						"0.375": {
							"post": [3.76582, -0.05652, -5.57735],
							"lerp_mode": "catmullrom"
						},
						"0.625": {
							"post": [3.78, -0.36, -6.4125],
							"lerp_mode": "catmullrom"
						},
						"1.0833": {
							"post": [3.73, -0.31505, -6.36],
							"lerp_mode": "catmullrom"
						},
						"2.4167": {
							"post": [3.52, -0.16505, -5.84],
							"lerp_mode": "catmullrom"
						},
						"2.875": {
							"post": [4.07832, -0.68152, -5.3586],
							"lerp_mode": "catmullrom"
						},
						"3.1667": {
							"post": [6.9975, -2.6325, -4.43],
							"lerp_mode": "catmullrom"
						},
						"3.5": {
							"post": [11.4575, -1.08875, -3.79875],
							"lerp_mode": "catmullrom"
						},
						"4.4167": {
							"post": [11.4575, -1.08875, -3.79875],
							"lerp_mode": "catmullrom"
						},
						"4.75": {
							"post": [10.42625, -1.08875, -3.11125],
							"lerp_mode": "catmullrom"
						},
						"4.9583": {
							"post": [4.94, -2.47, -1.64],
							"lerp_mode": "catmullrom"
						},
						"5.2083": {
							"post": [0.71875, -0.34375, -0.4375],
							"lerp_mode": "catmullrom"
						},
						"5.4167": {
							"post": [0, 0, 0],
							"lerp_mode": "catmullrom"
						}
					}
				},
				"Left_arm": {
					"rotation": {
						"0.0": [0, 0, 0],
						"4.5417": [0, 0, 0],
						"5.2083": [0, 0, 0]
					},
					"position": {
						"0.0": [0, 0, 0],
						"0.0833": [18.15625, -31.4375, 1.53125],
						"0.2083": [18.16, -31.44, 35.81125],
						"0.3333": [18.16, -2.1275, 35.81],
						"4.5417": [18.16, -2.13, 35.81],
						"5.2083": [0, 0, 0]
					}
				},
				"lefthand": {
					"rotation": [0, -12.5, 0],
					"position": [0, 0, 0],
					"scale": [1, 1.3, 1]
				},
				"righthand": {
					"rotation": [0, 0, 0],
					"position": [0, 0, 0],
					"scale": [1, 1.3, 1]
				},
				"camera": {
					"rotation": {
						"0.0": {
							"post": [0, 0, 0],
							"lerp_mode": "catmullrom"
						},
						"0.1667": {
							"post": [0.4375, 0, 0],
							"lerp_mode": "catmullrom"
						},
						"0.3333": {
							"post": [-2.75, 0, 0],
							"lerp_mode": "catmullrom"
						},
						"0.7083": {
							"post": [-2.75, 0, 0],
							"lerp_mode": "catmullrom"
						},
						"0.8333": {
							"post": [-6.3125, 0, 0],
							"lerp_mode": "catmullrom"
						},
						"1.0417": {
							"post": [-11, 0, 0],
							"lerp_mode": "catmullrom"
						},
						"1.4583": {
							"post": [-11, 0, 0],
							"lerp_mode": "catmullrom"
						},
						"1.6667": {
							"post": [-7.65625, 0, 0],
							"lerp_mode": "catmullrom"
						},
						"1.9167": {
							"post": [12.8125, 0, 0],
							"lerp_mode": "catmullrom"
						},
						"2.125": {
							"post": [16.1875, 0, 0],
							"lerp_mode": "catmullrom"
						},
						"2.5": {
							"post": [13.59375, 0, 0],
							"lerp_mode": "catmullrom"
						},
						"2.8333": {
							"post": [-0.03125, 0, 0],
							"lerp_mode": "catmullrom"
						},
						"3.25": {
							"post": [0.98654, -6.68896, 0.0037],
							"lerp_mode": "catmullrom"
						},
						"3.8333": {
							"post": [-0.03573, -29, 0.01732],
							"lerp_mode": "catmullrom"
						},
						"4.625": {
							"post": [-0.03448, -25, 0.01457],
							"lerp_mode": "catmullrom"
						},
						"5.0417": {
							"post": [2.15696, -0.53079, 0.22674],
							"lerp_mode": "catmullrom"
						},
						"5.4167": {
							"post": [0, 0, 0],
							"lerp_mode": "catmullrom"
						}
					}
				},
				"Right_arm": {
					"rotation": {
						"0.0": [0, 0, 0],
						"0.3333": [-7.59, -22.44, 139.15],
						"0.875": [-7.59, -22.44, 139.15],
						"1.5833": [-7.59, -22.44, 139.15],
						"1.7917": [-4.94378, -18.28703, 125.62246],
						"2.9167": [-4.94378, -18.28703, 125.62246],
						"3.2917": [-8.77179, -16.46838, 16.59014],
						"3.5": [-0.75444, -19.10146, -28.04667],
						"4.7083": [-0.75444, -19.10146, -28.04667],
						"5.0": [0, 0, 0]
					},
					"position": {
						"0.0": [0, 0, 0],
						"0.3333": [-0.24875, 1.78, -4.09],
						"0.875": [-0.24875, 1.78, -4.09],
						"1.5833": [-0.24875, 1.78, -4.09],
						"1.7917": [-0.5625, 1.78, -4.09],
						"2.9167": [-0.5625, 1.78, -4.09],
						"3.1667": [-0.32, 0.5625, -4.71],
						"3.2917": [0.2375, 0.36375, -5.02],
						"3.5": [1.1575, 1.12375, -5.5275],
						"4.7083": [1.1575, 1.12375, -5.5275],
						"5.0": [0, 0, 0]
					}
				}
			}
		},
		"inspect_empty": {
			"animation_length": 5.4167,
			"bones": {
				"root": {
					"rotation": {
						"0.0": {
							"post": [0, 0, 0],
							"lerp_mode": "catmullrom"
						},
						"0.2083": {
							"post": [-44.79172, -3.1622, 2.80423],
							"lerp_mode": "catmullrom"
						},
						"0.375": {
							"post": [-63.01869, -3.21, 6.24],
							"lerp_mode": "catmullrom"
						},
						"0.7083": {
							"post": [-74.80563, -3.96239, 5.85052],
							"lerp_mode": "catmullrom"
						},
						"1.7083": {
							"post": [-76.1043, -6.8051, 4.52214],
							"lerp_mode": "catmullrom"
						},
						"2.4167": {
							"post": [-76.59624, -8.65488, 3.37064],
							"lerp_mode": "catmullrom"
						},
						"2.9167": {
							"post": [-72.79, -3.21, 6.24],
							"lerp_mode": "catmullrom"
						},
						"3.0417": {
							"post": [-39.51999, 49.86554, 43.08516],
							"lerp_mode": "catmullrom"
						},
						"3.1667": {
							"post": [19.70946, 67.03515, 116.62984],
							"lerp_mode": "catmullrom"
						},
						"3.5": {
							"post": [65.04436, 45.55987, 168.85393],
							"lerp_mode": "catmullrom"
						},
						"4.4167": {
							"post": [65.04436, 45.55987, 168.85393],
							"lerp_mode": "catmullrom"
						},
						"4.75": {
							"post": [65.04436, 45.55987, 160.54143],
							"lerp_mode": "catmullrom"
						},
						"4.9167": {
							"post": [48.45061, 45.55987, 116.19768],
							"lerp_mode": "catmullrom"
						},
						"5.0417": {
							"post": [24.88811, 31.71612, 58.22893],
							"lerp_mode": "catmullrom"
						},
						"5.1667": {
							"post": [0, 0, 0],
							"lerp_mode": "catmullrom"
						},
						"5.4167": {
							"post": [0, 0, 0],
							"lerp_mode": "catmullrom"
						}
					},
					"position": {
						"0.0": {
							"post": [0, 0, 0],
							"lerp_mode": "catmullrom"
						},
						"0.1667": {
							"post": [1.81143, -1.38013, -2.89029],
							"lerp_mode": "catmullrom"
						},
						"0.2917": {
							"post": [3.20332, -0.74402, -4.9836],
							"lerp_mode": "catmullrom"
						},
						"0.375": {
							"post": [3.76582, -0.05652, -5.57735],
							"lerp_mode": "catmullrom"
						},
						"0.625": {
							"post": [3.78, -0.36, -6.4125],
							"lerp_mode": "catmullrom"
						},
						"1.0833": {
							"post": [3.73, -0.31505, -6.36],
							"lerp_mode": "catmullrom"
						},
						"2.4167": {
							"post": [3.52, -0.16505, -5.84],
							"lerp_mode": "catmullrom"
						},
						"2.875": {
							"post": [4.07832, -0.68152, -5.3586],
							"lerp_mode": "catmullrom"
						},
						"3.1667": {
							"post": [6.9975, -2.6325, -4.43],
							"lerp_mode": "catmullrom"
						},
						"3.5": {
							"post": [11.4575, -1.08875, -3.79875],
							"lerp_mode": "catmullrom"
						},
						"4.4167": {
							"post": [11.4575, -1.08875, -3.79875],
							"lerp_mode": "catmullrom"
						},
						"4.75": {
							"post": [10.42625, -1.08875, -3.11125],
							"lerp_mode": "catmullrom"
						},
						"4.9583": {
							"post": [4.94, -2.47, -1.64],
							"lerp_mode": "catmullrom"
						},
						"5.2083": {
							"post": [0.71875, -0.34375, -0.4375],
							"lerp_mode": "catmullrom"
						},
						"5.4167": {
							"post": [0, 0, 0],
							"lerp_mode": "catmullrom"
						}
					}
				},
				"Left_arm": {
					"rotation": {
						"0.0": [0, 0, 0],
						"4.5417": [0, 0, 0],
						"5.2083": [0, 0, 0]
					},
					"position": {
						"0.0": [0, 0, 0],
						"0.0833": [18.15625, -31.4375, 1.53125],
						"0.2083": [18.16, -31.44, 35.81125],
						"0.3333": [18.16, -2.1275, 35.81],
						"4.5417": [18.16, -2.13, 35.81],
						"5.2083": [0, 0, 0]
					}
				},
				"lefthand": {
					"rotation": [0, -12.5, 0],
					"position": [0, 0, 0],
					"scale": [1, 1.3, 1]
				},
				"righthand": {
					"rotation": [0, 0, 0],
					"position": [0, 0, 0],
					"scale": [1, 1.3, 1]
				},
				"camera": {
					"rotation": {
						"0.0": {
							"post": [0, 0, 0],
							"lerp_mode": "catmullrom"
						},
						"0.1667": {
							"post": [0.4375, 0, 0],
							"lerp_mode": "catmullrom"
						},
						"0.3333": {
							"post": [-2.75, 0, 0],
							"lerp_mode": "catmullrom"
						},
						"0.7083": {
							"post": [-2.75, 0, 0],
							"lerp_mode": "catmullrom"
						},
						"0.8333": {
							"post": [-6.3125, 0, 0],
							"lerp_mode": "catmullrom"
						},
						"1.0417": {
							"post": [-11, 0, 0],
							"lerp_mode": "catmullrom"
						},
						"1.4583": {
							"post": [-11, 0, 0],
							"lerp_mode": "catmullrom"
						},
						"1.6667": {
							"post": [-7.65625, 0, 0],
							"lerp_mode": "catmullrom"
						},
						"1.9167": {
							"post": [12.8125, 0, 0],
							"lerp_mode": "catmullrom"
						},
						"2.125": {
							"post": [16.1875, 0, 0],
							"lerp_mode": "catmullrom"
						},
						"2.5": {
							"post": [13.59375, 0, 0],
							"lerp_mode": "catmullrom"
						},
						"2.8333": {
							"post": [-0.03125, 0, 0],
							"lerp_mode": "catmullrom"
						},
						"3.25": {
							"post": [0.98654, -6.68896, 0.0037],
							"lerp_mode": "catmullrom"
						},
						"3.8333": {
							"post": [-0.03573, -29, 0.01732],
							"lerp_mode": "catmullrom"
						},
						"4.625": {
							"post": [-0.03448, -25, 0.01457],
							"lerp_mode": "catmullrom"
						},
						"5.0417": {
							"post": [2.15696, -0.53079, 0.22674],
							"lerp_mode": "catmullrom"
						},
						"5.4167": {
							"post": [0, 0, 0],
							"lerp_mode": "catmullrom"
						}
					}
				},
				"Right_arm": {
					"rotation": {
						"0.0": [0, 0, 0],
						"0.3333": [-7.59, -22.44, 139.15],
						"0.875": [-7.59, -22.44, 139.15],
						"1.5833": [-7.59, -22.44, 139.15],
						"1.7917": [-4.94378, -18.28703, 125.62246],
						"2.9167": [-4.94378, -18.28703, 125.62246],
						"3.2917": [-8.77179, -16.46838, 16.59014],
						"3.5": [-0.75444, -19.10146, -28.04667],
						"4.7083": [-0.75444, -19.10146, -28.04667],
						"5.0": [0, 0, 0]
					},
					"position": {
						"0.0": [0, 0, 0],
						"0.3333": [-0.24875, 1.78, -4.09],
						"0.875": [-0.24875, 1.78, -4.09],
						"1.5833": [-0.24875, 1.78, -4.09],
						"1.7917": [-0.5625, 1.78, -4.09],
						"2.9167": [-0.5625, 1.78, -4.09],
						"3.1667": [-0.32, 0.5625, -4.71],
						"3.2917": [0.2375, 0.36375, -5.02],
						"3.5": [1.1575, 1.12375, -5.5275],
						"4.7083": [1.1575, 1.12375, -5.5275],
						"5.0": [0, 0, 0]
					}
				}
			}
		},
		"draw": {
			"animation_length": 0.875,
			"bones": {
				"root": {
					"rotation": {
						"0.0": {
							"post": [-25.70094, 31.77203, 47.57094],
							"lerp_mode": "catmullrom"
						},
						"0.2083": {
							"post": [-25.70094, 31.77203, 47.57094],
							"lerp_mode": "catmullrom"
						},
						"0.5833": {
							"post": [5.25, 0, 0],
							"lerp_mode": "catmullrom"
						},
						"0.7917": {
							"post": [0, 0, 0],
							"lerp_mode": "catmullrom"
						}
					},
					"position": {
						"0.0": {
							"post": [0, 7.2225, 20.655],
							"lerp_mode": "catmullrom"
						},
						"0.2083": {
							"post": [-1.65625, 4.59375, 1.53125],
							"lerp_mode": "catmullrom"
						},
						"0.4167": {
							"post": [0, 0, 0],
							"lerp_mode": "catmullrom"
						},
						"0.5833": {
							"post": [0, -0.5, 0],
							"lerp_mode": "catmullrom"
						},
						"0.7917": {
							"post": [0, 0, 0],
							"lerp_mode": "catmullrom"
						}
					}
				},
				"Left_arm": {
					"rotation": {
						"0.0": [0, 0, -27.5],
						"0.2083": [0, 0, -27.68],
						"0.5833": [0, 0, 0]
					},
					"position": {
						"0.0": [0.9375, 0, 0],
						"0.2083": [1.06875, 0.28125, 0],
						"0.5833": [0, 0, 0]
					}
				},
				"lefthand": {
					"rotation": [0, -12.5, 0],
					"position": [0, 0, 0],
					"scale": [1, 1.3, 1]
				},
				"righthand": {
					"rotation": [0, 0, 0],
					"position": [0, 0, 0],
					"scale": [1, 1.3, 1]
				},
				"camera": {
					"rotation": {
						"0.0": {
							"post": [0, 0, 0],
							"lerp_mode": "catmullrom"
						},
						"0.1667": {
							"post": [-0.78125, 1.78125, 0],
							"lerp_mode": "catmullrom"
						},
						"0.4583": {
							"post": [0.75136, 0.50014, 0.0327],
							"lerp_mode": "catmullrom"
						},
						"0.6667": {
							"post": [1.37549, 0.00967, 0.01588],
							"lerp_mode": "catmullrom"
						},
						"0.8333": {
							"post": [0, 0, 0],
							"lerp_mode": "catmullrom"
						}
					},
					"position": {
						"0.0": {
							"post": [0, 0, 0],
							"lerp_mode": "catmullrom"
						},
						"0.8333": {
							"post": [0, 0, 0],
							"lerp_mode": "catmullrom"
						}
					}
				}
			}
		},
		"put_away": {
			"animation_length": 0.8333,
			"bones": {
				"root": {
					"rotation": {
						"0.0": [0, 0, 0],
						"0.1667": {
							"pre": [-26.38172, 6.71771, 18.88172],
							"post": [-26.38172, 6.71771, 18.88172],
							"lerp_mode": "catmullrom"
						},
						"0.375": {
							"post": [-33.16138, 29.95857, 32.03316],
							"lerp_mode": "catmullrom"
						},
						"0.5833": [-64.35341, 59.99539, 22.5764]
					},
					"position": {
						"0.0": [0, 0, 0],
						"0.1667": {
							"pre": [0, 3.34375, 1.5625],
							"post": [0, 3.34375, 1.5625],
							"lerp_mode": "catmullrom"
						},
						"0.375": {
							"post": [-1.65625, 5.9375, 9.46875],
							"lerp_mode": "catmullrom"
						},
						"0.5833": [0, 7.2225, 20.655]
					}
				},
				"Left_arm": {
					"rotation": {
						"0.0": [0, 0, 0],
						"0.2917": [0, -12.5, 0]
					},
					"position": [0, 0, 0]
				},
				"lefthand": {
					"rotation": [0, -12.5, 0],
					"position": [0, 0, 0],
					"scale": [1, 1.3, 1]
				},
				"righthand": {
					"rotation": [0, 0, 0],
					"position": [0, 0, 0],
					"scale": [1, 1.3, 1]
				},
				"camera": {
					"rotation": {
						"0.0": {
							"post": [0, 0, 0],
							"lerp_mode": "catmullrom"
						},
						"0.25": {
							"post": [1.37549, 0.00967, 0.01588],
							"lerp_mode": "catmullrom"
						},
						"0.5": {
							"post": [-0.49864, 0.50014, 0.0327],
							"lerp_mode": "catmullrom"
						},
						"0.8333": {
							"post": [0, 0, 0],
							"lerp_mode": "catmullrom"
						}
					},
					"position": {
						"0.0": {
							"post": [0, 0, 0],
							"lerp_mode": "catmullrom"
						},
						"0.8333": {
							"post": [0, 0, 0],
							"lerp_mode": "catmullrom"
						}
					}
				}
			}
		},
		"run_start": {
			"animation_length": 0.4583,
			"bones": {
				"root": {
					"rotation": {
						"0.0": [0, 0, 0],
						"0.375": [-51.20627, -50.57615, 11.29266]
					},
					"position": {
						"0.0": [0, 0, 0],
						"0.125": {
							"pre": [1.71375, -0.75, -0.17],
							"post": [1.71375, -0.75, -0.17],
							"lerp_mode": "catmullrom"
						},
						"0.25": {
							"post": [5.9575, -1.12, -0.44],
							"lerp_mode": "catmullrom"
						},
						"0.375": [9.53125, -0.75, -0.875]
					}
				},
				"Left_arm": {
					"rotation": {
						"0.0": [0, 0, 0],
						"0.2083": [10.03742, 4.92385, 0.87038],
						"0.375": [25.82823, 8.73535, 7.35987]
					},
					"position": {
						"0.0": [0, 0, 0],
						"0.2083": [0, 0.78125, 0.9375],
						"0.375": [0, 0.78, 0.94]
					}
				}
			}
		},
		"run": {
			"loop": true,
			"animation_length": 0.5833,
			"bones": {
				"root": {
					"rotation": {
						"0.0": {
							"post": [-58.70627, -50.57615, 11.29266],
							"lerp_mode": "catmullrom"
						},
						"0.1667": {
							"post": [-43.97472, -59.42638, -6.38507],
							"lerp_mode": "catmullrom"
						},
						"0.4167": {
							"post": [-65.07763, -46.23914, 13.64654],
							"lerp_mode": "catmullrom"
						},
						"0.5833": {
							"post": [-58.70627, -50.57615, 11.29266],
							"lerp_mode": "catmullrom"
						}
					},
					"position": {
						"0.0": {
							"post": [9.53125, -0.75, -0.875],
							"lerp_mode": "catmullrom"
						},
						"0.125": {
							"post": [10.25, -1.25, -0.87],
							"lerp_mode": "catmullrom"
						},
						"0.25": {
							"post": [10.9675, -0.75, -1.21375],
							"lerp_mode": "catmullrom"
						},
						"0.3333": {
							"post": [10.9675, -0.75, -1.21375],
							"lerp_mode": "catmullrom"
						},
						"0.4583": {
							"post": [10.25, -1.25, -0.87],
							"lerp_mode": "catmullrom"
						},
						"0.5833": {
							"post": [9.53125, -0.75, -0.875],
							"lerp_mode": "catmullrom"
						}
					}
				},
				"Left_arm": {
					"rotation": [25.82823, 8.73535, 7.35987],
					"position": [0, 0.78, 0.94]
				},
				"Right_arm": {
					"rotation": [0, 0, 0],
					"position": [0, 0, 0]
				}
			}
		},
		"run_end": {
			"animation_length": 0.5833,
			"bones": {
				"root": {
					"rotation": {
						"0.0": {
							"post": [-51.20627, -50.57615, 11.29266],
							"lerp_mode": "catmullrom"
						},
						"0.2083": {
							"post": [-18.00857, -22.26289, 4.85988],
							"lerp_mode": "catmullrom"
						},
						"0.3333": {
							"post": [-2.74996, -3.74997, -0.00655],
							"lerp_mode": "catmullrom"
						},
						"0.4583": {
							"post": [0, 0, 0],
							"lerp_mode": "catmullrom"
						}
					},
					"position": {
						"0.0": {
							"post": [9.53125, -0.75, -0.875],
							"lerp_mode": "catmullrom"
						},
						"0.125": {
							"post": [5.9575, -1.12, -0.44],
							"lerp_mode": "catmullrom"
						},
						"0.2083": {
							"post": [2.97, -1.18, -0.25],
							"lerp_mode": "catmullrom"
						},
						"0.3333": {
							"post": [0, 0, 0],
							"lerp_mode": "catmullrom"
						},
						"0.4583": {
							"post": [0, 0, 0],
							"lerp_mode": "catmullrom"
						}
					}
				}
			}
		},
		"run_hold": {
			"loop": true,
			"bones": {
				"root": {
					"rotation": {
						"0.0": {
							"post": [-49.37, -56.01, -1.67],
							"lerp_mode": "catmullrom"
						}
					},
					"position": {
						"0.0": {
							"post": [10.9675, -0.75, -1.21375],
							"lerp_mode": "catmullrom"
						}
					}
				},
				"Left_arm": {
					"rotation": [25.82823, 8.73535, 7.35987],
					"position": [0, 0.78, 0.94]
				},
				"Right_arm": {
					"rotation": [0, 0, 0],
					"position": [0, 0, 0]
				}
			}
		},
		"walk_forward": {
			"loop": true,
			"animation_length": 0.7917,
			"bones": {
				"root": {
					"rotation": {
						"0.0": {
							"post": [0, 0, 5.5625],
							"lerp_mode": "catmullrom"
						},
						"0.25": {
							"post": [-1.14408, -0.57364, 5.24758],
							"lerp_mode": "catmullrom"
						},
						"0.5417": {
							"post": [-0.1195, 0.17628, 5.40766],
							"lerp_mode": "catmullrom"
						},
						"0.7917": {
							"post": [0, 0, 5.5625],
							"lerp_mode": "catmullrom"
						}
					},
					"position": {
						"0.0": {
							"post": [0, 0.03326, 0],
							"lerp_mode": "catmullrom"
						},
						"0.1667": {
							"post": [0.0425, -0.18881, 0],
							"lerp_mode": "catmullrom"
						},
						"0.375": {
							"post": [0.18445, 0.02375, 0],
							"lerp_mode": "catmullrom"
						},
						"0.5833": {
							"post": [0.0425, -0.22006, 0],
							"lerp_mode": "catmullrom"
						},
						"0.7917": {
							"post": [0, 0.03326, 0],
							"lerp_mode": "catmullrom"
						}
					}
				}
			}
		}
	}
}