{
  "model": "elitex:gun/origin_wind_staff_geo",
  "texture": "elitex:gun/uv/origin_wind_staff",
  "hud": "elitex:gun/hud/origin_wind_staff",
  "slot": "elitex:gun/slot/origin_wind_staff",
  "animation": "elitex:origin_wind_staff",
  "use_default_animation": "rifle",
  "transform": {
    "scale": {
      "thirdperson": [0.9, 0.9, 0.9],
      "ground": [0.5, 0.5, 0.5],
      "fixed": [1.0, 1.0, 1.0]
    }
  },
  "muzzle_flash": {
    "texture": "elitex:flash/wind_staff_flash",
    "scale": 2.7
  },
  "sounds": {
    "shoot": "elitex:wonder_weapons/origin_staffs/origin_wind_staff/origin_wind_staff_fire",
    "shoot_3p": "elitex:wonder_weapons/origin_staffs/origin_wind_staff/origin_wind_staff_fire_3p",
    "reload_empty": "elitex:wonder_weapons/origin_staffs/origin_wind_staff/origin_wind_staff_empty_reload",
    "reload_tactical": "elitex:wonder_weapons/origin_staffs/origin_wind_staff/origin_wind_staff_normal_reload",
    "inspect": "elitex:wonder_weapons/origin_staffs/origin_wind_staff/origin_wind_staff_inspect",
    "inspect_empty": "elitex:wonder_weapons/origin_staffs/origin_wind_staff/origin_wind_staff_inspect_empty",
    "draw": "elitex:wonder_weapons/origin_staffs/origin_wind_staff/origin_wind_staff_draw",
    "put_away": "elitex:wonder_weapons/origin_staffs/origin_wind_staff/origin_wind_staff_put_away"
  },
  "offhand_show": {
    "pos": [4, 13, -1],
    "rotate": [-90, -35, 90],
    "scale": [0.2, 0.2, 0.2]
  },
  "hotbar_show": {
    "0": {
      "pos": [-5, 13, -1],
      "rotate": [-90, -35, 90],
      "scale": [0.5, 0.5, 0.5]
    }
  }
}