{
	"format_version": "1.8.0",
	"animations": {
		"static_idle": {
			"animation_length": 0.25,
			"bones": {
				"lefthand": {
					"rotation": [0, 2.5, 0],
					"position": [0.125, -0.40625, 0],
					"scale": [1, 1.4, 1]
				},
				"righthand": {
					"rotation": [0, 0, 0],
					"position": [0, 0, 0],
					"scale": [1, 1.4, 1]
				},
				"firinghammer": {
					"rotation": [0, 0, 0],
					"position": [0, 0, 0]
				},
				"root": {
					"rotation": [0, 0, 0],
					"position": [0, 0, 0]
				}
			}
		},
		"static_bolt_caught": {
			"animation_length": 0.25,
			"bones": {
				"firinghammer": {
					"rotation": [0, 0, 0],
					"position": [0, 0, 0]
				},
				"slider": {
					"rotation": [0, 0, 0],
					"position": [0, 0, 1.72375]
				},
				"jws_ammo2": {
					"scale": 0
				},
				"root": {
					"rotation": [0, 0, 0],
					"position": [0, 0, 0]
				}
			}
		},
		"shoot": {
			"animation_length": 0.4667,
			"bones": {
				"root": {
					"rotation": {
						"0.0": {
							"post": [0, 0, 0],
							"lerp_mode": "catmullrom"
						},
						"0.0167": {
							"post": [-9.57747, 0.95983, 4.54459],
							"lerp_mode": "catmullrom"
						},
						"0.0667": {
							"post": [-9.5178, -0.78719, -1.87197],
							"lerp_mode": "catmullrom"
						},
						"0.1333": {
							"post": [-1.19957, -0.14856, 0.9533],
							"lerp_mode": "catmullrom"
						},
						"0.1833": {
							"post": [2.71875, 0, -0.5],
							"lerp_mode": "catmullrom"
						},
						"0.2333": {
							"post": [2.93305, 0.06397, 0.37664],
							"lerp_mode": "catmullrom"
						},
						"0.3167": {
							"post": [0.69625, 0, -0.1875],
							"lerp_mode": "catmullrom"
						},
						"0.45": {
							"post": [0, 0, 0],
							"lerp_mode": "catmullrom"
						}
					},
					"position": {
						"0.0": {
							"post": [0, 0, 0],
							"lerp_mode": "catmullrom"
						},
						"0.0333": {
							"post": [0, 0.03125, 1.6875],
							"lerp_mode": "catmullrom"
						},
						"0.0667": {
							"post": [0, 0.875, 1.6775],
							"lerp_mode": "catmullrom"
						},
						"0.1167": {
							"post": [0, 0.28125, 0],
							"lerp_mode": "catmullrom"
						},
						"0.2167": {
							"post": [0, -0.2275, -0.07875],
							"lerp_mode": "catmullrom"
						},
						"0.3667": {
							"post": [0, -0.03125, 0.03125],
							"lerp_mode": "catmullrom"
						},
						"0.45": {
							"post": [0, 0, 0],
							"lerp_mode": "catmullrom"
						}
					}
				},
				"Jrx2011": {
					"rotation": {
						"0.0": {
							"post": [0, 0, 0],
							"lerp_mode": "catmullrom"
						},
						"0.0167": {
							"post": [-11.15625, 0, 0],
							"lerp_mode": "catmullrom"
						},
						"0.05": {
							"post": [-11.46875, 0, 0],
							"lerp_mode": "catmullrom"
						},
						"0.1": {
							"post": [0, 0, 0],
							"lerp_mode": "catmullrom"
						}
					},
					"position": {
						"0.0": {
							"post": [0, 0, 0],
							"lerp_mode": "catmullrom"
						},
						"0.0333": {
							"post": [0, 0.3125, 0.03125],
							"lerp_mode": "catmullrom"
						},
						"0.0667": {
							"post": [0, 0.09375, -0.09375],
							"lerp_mode": "catmullrom"
						},
						"0.1": {
							"post": [0, 0, 0],
							"lerp_mode": "catmullrom"
						}
					}
				},
				"firinghammer": {
					"rotation": {
						"0.0": {
							"post": [0, 0, 0],
							"lerp_mode": "catmullrom"
						},
						"0.0167": {
							"post": [50, 0, 0],
							"lerp_mode": "catmullrom"
						},
						"0.0333": {
							"post": [0, 0, 0],
							"lerp_mode": "catmullrom"
						},
						"0.0667": {
							"post": [3, 0, 0],
							"lerp_mode": "catmullrom"
						},
						"0.1": {
							"post": [0.5, 0, 0],
							"lerp_mode": "catmullrom"
						},
						"0.1333": {
							"post": [2.25, 0, 0],
							"lerp_mode": "catmullrom"
						},
						"0.1833": {
							"post": [-0.25, 0, 0],
							"lerp_mode": "catmullrom"
						},
						"0.2333": {
							"post": [0, 0, 0],
							"lerp_mode": "catmullrom"
						}
					},
					"position": {
						"0.0": {
							"post": [0, 0, 0],
							"lerp_mode": "catmullrom"
						},
						"0.0167": {
							"post": [0, 0, 0],
							"lerp_mode": "catmullrom"
						},
						"0.0333": {
							"post": [0, 0, 0],
							"lerp_mode": "catmullrom"
						},
						"0.2333": {
							"post": [0, 0, 0],
							"lerp_mode": "catmullrom"
						}
					}
				},
				"slider": {
					"rotation": {
						"0.0": [0, 0, 0],
						"0.0333": [0, 0, 0],
						"0.0667": [0, 0, 0]
					},
					"position": {
						"0.0": [0, 0, 0],
						"0.0333": [0, 0, 1.72375],
						"0.0667": [0, 0, 0]
					}
				},
				"camera": {
					"rotation": {
						"0.0": {
							"post": [0, 0, 0],
							"lerp_mode": "catmullrom"
						},
						"0.0167": {
							"post": [-1.5, 0, 2.15625],
							"lerp_mode": "catmullrom"
						},
						"0.05": {
							"post": [-0.4912, -0.1753, -1.15359],
							"lerp_mode": "catmullrom"
						},
						"0.0833": {
							"post": [0.02379, -0.21683, 0.90876],
							"lerp_mode": "catmullrom"
						},
						"0.1333": {
							"post": [0.0361, -0.18636, -0.37238],
							"lerp_mode": "catmullrom"
						},
						"0.2": {
							"post": [-0.0966, -0.20604, 0.12755],
							"lerp_mode": "catmullrom"
						},
						"0.2833": {
							"post": [-0.08729, -0.18195, -0.09111],
							"lerp_mode": "catmullrom"
						},
						"0.3667": {
							"post": [0, 0, 0],
							"lerp_mode": "catmullrom"
						},
						"0.45": {
							"post": [0, 0, 0],
							"lerp_mode": "catmullrom"
						}
					},
					"position": {
						"0.0": {
							"post": [0, 0, 0],
							"lerp_mode": "catmullrom"
						},
						"0.45": {
							"post": [0, 0, 0],
							"lerp_mode": "catmullrom"
						}
					}
				}
			}
		},
		"reload_tactical": {
			"animation_length": 2.3333,
			"bones": {
				"lefthand": {
					"rotation": [0, 2.5, 0],
					"position": [0.125, -0.40625, 0],
					"scale": [1, 1.4, 1]
				},
				"righthand": {
					"rotation": [0, 0, 0],
					"position": [0, 0, 0],
					"scale": [1, 1.4, 1]
				},
				"firinghammer": {
					"rotation": [0, 0, 0],
					"position": [0, 0, 0]
				},
				"root": {
					"rotation": {
						"0.0": {
							"post": [0, 0, 0],
							"lerp_mode": "catmullrom"
						},
						"0.1667": {
							"post": [-13.311, -26.55941, -20.94499],
							"lerp_mode": "catmullrom"
						},
						"0.3": {
							"post": [-32.64186, -45.91575, -32.89858],
							"lerp_mode": "catmullrom"
						},
						"0.3667": {
							"post": [-19.20436, -51.60325, -38.99233],
							"lerp_mode": "catmullrom"
						},
						"0.4667": {
							"post": [-28.36947, -49.30457, -29.05804],
							"lerp_mode": "catmullrom"
						},
						"0.5": {
							"post": [-7.59209, -55.77508, -57.28916],
							"lerp_mode": "catmullrom"
						},
						"0.5667": {
							"post": [-18.77353, -54.65807, -44.97028],
							"lerp_mode": "catmullrom"
						},
						"0.6667": {
							"post": [-11.72542, -56.00904, -52.74858],
							"lerp_mode": "catmullrom"
						},
						"0.7667": {
							"post": [-15.47556, -55.38823, -48.5862],
							"lerp_mode": "catmullrom"
						},
						"0.9": {
							"post": [-16.03025, -55.7388, -51.15478],
							"lerp_mode": "catmullrom"
						},
						"1.0667": {
							"post": [-16.22862, -55.64511, -50.84915],
							"lerp_mode": "catmullrom"
						},
						"1.1667": {
							"post": [-17.27125, -55.75, -49.58],
							"lerp_mode": "catmullrom"
						},
						"1.3": {
							"post": [-17.2, -56.3, -47.3],
							"lerp_mode": "catmullrom"
						},
						"1.3333": {
							"post": [-17.2, -56.3, -47.3],
							"lerp_mode": "catmullrom"
						},
						"1.3667": {
							"post": [-14.96461, -55.82896, -40.32605],
							"lerp_mode": "catmullrom"
						},
						"1.4333": {
							"post": [-8.23832, -57.19961, -52.31779],
							"lerp_mode": "catmullrom"
						},
						"1.5": {
							"post": [-22.59619, -55.09275, -45.73798],
							"lerp_mode": "catmullrom"
						},
						"1.5667": {
							"post": [-11.19157, -55.27661, -52.71474],
							"lerp_mode": "catmullrom"
						},
						"1.7": {
							"post": [-11.19139, -42.96446, -37.4099],
							"lerp_mode": "catmullrom"
						},
						"1.9": {
							"post": [-3.8125, -6.71875, -5.40625],
							"lerp_mode": "catmullrom"
						},
						"1.9667": {
							"post": [0, 0, 0],
							"lerp_mode": "catmullrom"
						},
						"2.0333": {
							"post": [0.24, 0.42, -0.00375],
							"lerp_mode": "catmullrom"
						},
						"2.1": {
							"post": [0, 0, 0],
							"lerp_mode": "catmullrom"
						}
					},
					"position": {
						"0.0": {
							"post": [0, 0, 0],
							"lerp_mode": "catmullrom"
						},
						"0.1333": {
							"post": [-0.60625, -1.09125, -0.985],
							"lerp_mode": "catmullrom"
						},
						"0.2667": {
							"post": [-3.65625, 2.28125, -4],
							"lerp_mode": "catmullrom"
						},
						"0.3667": {
							"post": [-3.65625, 2.84375, -4],
							"lerp_mode": "catmullrom"
						},
						"0.4333": {
							"post": [-3.05649, 1.82393, -4.31706],
							"lerp_mode": "catmullrom"
						},
						"0.5667": {
							"post": [-3.9711, 2.80933, -4.09975],
							"lerp_mode": "catmullrom"
						},
						"0.7333": {
							"post": [-3.99, 3.0975, -4.09],
							"lerp_mode": "catmullrom"
						},
						"0.9": {
							"post": [-3.9, 3.13375, -4.11],
							"lerp_mode": "catmullrom"
						},
						"1.0667": {
							"post": [-3.84, 2.82625, -4.08],
							"lerp_mode": "catmullrom"
						},
						"1.1667": {
							"post": [-3.82608, 2.83636, -4.076],
							"lerp_mode": "catmullrom"
						},
						"1.3": {
							"post": [-3.91, 2.8575, -4.17],
							"lerp_mode": "catmullrom"
						},
						"1.3667": {
							"post": [-2.87938, 1.91922, -4.43831],
							"lerp_mode": "catmullrom"
						},
						"1.5": {
							"post": [-3.54527, 3.01914, -4.29104],
							"lerp_mode": "catmullrom"
						},
						"1.6": {
							"post": [-3.54527, 2.61289, -4.29104],
							"lerp_mode": "catmullrom"
						},
						"1.7": {
							"post": [-3.28625, 0.49875, -2.99],
							"lerp_mode": "catmullrom"
						},
						"1.8": {
							"post": [-2.17375, -0.54875, -2],
							"lerp_mode": "catmullrom"
						},
						"1.9": {
							"post": [-0.1875, -0.14969, -0.4375],
							"lerp_mode": "catmullrom"
						},
						"1.9667": {
							"post": [0, 0, 0],
							"lerp_mode": "catmullrom"
						},
						"2.0333": {
							"post": [0.01, 0, 0.10375],
							"lerp_mode": "catmullrom"
						},
						"2.1": {
							"post": [0, 0, 0],
							"lerp_mode": "catmullrom"
						}
					}
				},
				"magazine": {
					"rotation": {
						"0.0": [0, 0, 0],
						"0.3667": [0, 0, 0],
						"0.4667": [0, 0, 0],
						"0.9333": [0, 0, 0],
						"1.1333": [0, 0, 0],
						"1.2667": [0, 0, 0],
						"1.3": [0, 0, 0]
					},
					"position": {
						"0.0": [0, 0, 0],
						"0.3667": [0, 0, 0],
						"0.4667": [0, -5.6857, 1.94328],
						"0.6": [0, -24.618, 8.02127],
						"0.9333": [0, -24.62, 8.02],
						"1.1333": [0, -5.6857, 1.94328],
						"1.2667": [0, -5.6857, 1.94328],
						"1.3": [0, 0, 0]
					}
				},
				"Left_arm": {
					"rotation": {
						"0.0": [0, 0, 0],
						"0.1333": [0, -5, 0],
						"0.3": [-6.9077, 3.42489, 31.77349],
						"0.3667": [-6.91, 3.42, 31.77],
						"0.4667": [-7.22566, -6.08628, -2.30244],
						"0.6": [2.50547, -6.20144, 0.20934],
						"1.1333": [2.51, -6.2, 0.21],
						"1.2667": [2.51, -6.2, 0.21],
						"1.3": [-7.49, -6.2, 0.21],
						"1.6": [-7.49, -6.2, 0.21],
						"1.9": [0, 0, 0]
					},
					"position": {
						"0.0": [0, 0, 0],
						"0.1333": [2.57, -1.45, 0.91],
						"0.3": [-0.44, -4.63125, 2.28],
						"0.3667": [-0.44, -4.63, 2.28],
						"0.4667": [-0.44, -9.84875, 4.56125],
						"0.6": [-0.44, -29.4125, 10.46625],
						"1.1333": [0.40375, -10.0975, 4.6575],
						"1.2667": [0.4, -10.1, 4.66],
						"1.3": [0.4, -4.25625, 2.7225],
						"1.6": [0.4, -4.25625, 2.7225],
						"1.7333": [2.605, -3.305, 1.56],
						"1.8333": [2.32125, -0.78875, 0.62],
						"1.9": [0, 0, 0]
					}
				},
				"Right_arm": {
					"rotation": {
						"0.0": [0, 0, 0],
						"0.2667": [0, 5, 0],
						"1.5333": [0, 5, 0],
						"1.8333": [0, 0, 0]
					},
					"position": {
						"0.0": [0, 0, 0],
						"0.2667": [-0.9375, 0, 0],
						"1.5333": [-0.9375, 0, 0],
						"1.8333": [0, 0, 0]
					}
				},
				"camera": {
					"rotation": {
						"0.0": {
							"post": [0, 0, 0],
							"lerp_mode": "catmullrom"
						},
						"0.1333": {
							"post": [0.21875, 0.34375, 0],
							"lerp_mode": "catmullrom"
						},
						"0.3": {
							"post": [2.25137, 1.99846, 0.07855],
							"lerp_mode": "catmullrom"
						},
						"0.3667": {
							"post": [2.25, 2, 0.33],
							"lerp_mode": "catmullrom"
						},
						"0.4": {
							"post": [2.34333, 1.88978, 1.76687],
							"lerp_mode": "catmullrom"
						},
						"0.4333": {
							"post": [2.20585, 2.0486, -1.16984],
							"lerp_mode": "catmullrom"
						},
						"0.5": {
							"post": [2.34333, 1.88978, 1.11062],
							"lerp_mode": "catmullrom"
						},
						"0.5667": {
							"post": [2.26736, 1.98029, -0.82634],
							"lerp_mode": "catmullrom"
						},
						"0.7333": {
							"post": [2.37593, 1.8486, 0.48531],
							"lerp_mode": "catmullrom"
						},
						"0.8333": {
							"post": [2.31, 1.92, -0.29375],
							"lerp_mode": "catmullrom"
						},
						"0.9": {
							"post": [2.26736, 1.98029, 0.07991],
							"lerp_mode": "catmullrom"
						},
						"1.1": {
							"post": [2.71, 1.59, 0.06],
							"lerp_mode": "catmullrom"
						},
						"1.1333": {
							"post": [2.51508, 1.56069, 0.80563],
							"lerp_mode": "catmullrom"
						},
						"1.1667": {
							"post": [2.47717, 1.8033, -0.75961],
							"lerp_mode": "catmullrom"
						},
						"1.2": {
							"post": [2.28719, 1.96012, 0.04865],
							"lerp_mode": "catmullrom"
						},
						"1.2667": {
							"post": [2.29, 1.96, -0.01375],
							"lerp_mode": "catmullrom"
						},
						"1.3": {
							"post": [2.2291, 2.029, -1.1697],
							"lerp_mode": "catmullrom"
						},
						"1.3333": {
							"post": [2.30701, 1.93995, 1.07989],
							"lerp_mode": "catmullrom"
						},
						"1.3667": {
							"post": [2.26416, 1.9898, -0.5136],
							"lerp_mode": "catmullrom"
						},
						"1.4333": {
							"post": [2.26, 1.99, 0.49],
							"lerp_mode": "catmullrom"
						},
						"1.5": {
							"post": [2.26, 1.99, -0.41625],
							"lerp_mode": "catmullrom"
						},
						"1.6": {
							"post": [1.76, 1.6775, 0.0175],
							"lerp_mode": "catmullrom"
						},
						"1.8333": {
							"post": [0, 0, 0],
							"lerp_mode": "catmullrom"
						},
						"1.9": {
							"post": [0, 0, 0.75],
							"lerp_mode": "catmullrom"
						},
						"1.9667": {
							"post": [0, 0, -0.75],
							"lerp_mode": "catmullrom"
						},
						"2.0333": {
							"post": [0, 0, 0],
							"lerp_mode": "catmullrom"
						}
					}
				}
			}
		},
		"reload_empty": {
			"animation_length": 3.375,
			"bones": {
				"lefthand": {
					"rotation": [0, 2.5, 0],
					"position": [0.125, -0.40625, 0],
					"scale": [1, 1.4, 1]
				},
				"righthand": {
					"rotation": [0, 0, 0],
					"position": [0, 0, 0],
					"scale": [1, 1.4, 1]
				},
				"firinghammer": {
					"rotation": [0, 0, 0],
					"position": [0, 0, 0]
				},
				"root": {
					"rotation": {
						"0.0": {
							"post": [0, 0, 0],
							"lerp_mode": "catmullrom"
						},
						"0.25": {
							"post": [-18.22161, -37.62362, -38.5805],
							"lerp_mode": "catmullrom"
						},
						"0.4583": {
							"post": [5.29478, -53.30514, -72.18345],
							"lerp_mode": "catmullrom"
						},
						"0.5": {
							"post": [-31.18264, -7.49205, -7.77988],
							"lerp_mode": "catmullrom"
						},
						"0.5417": {
							"post": [1.58788, 40.28123, 60.82405],
							"lerp_mode": "catmullrom"
						},
						"0.7917": {
							"post": [1.59, 40.28, 60.82],
							"lerp_mode": "catmullrom"
						},
						"0.875": {
							"post": [-23.64223, -2.49752, 8.13475],
							"lerp_mode": "catmullrom"
						},
						"0.9583": {
							"post": [-11.99083, -30.41709, -36.5484],
							"lerp_mode": "catmullrom"
						},
						"1.0417": {
							"post": [-7.63, -45.00125, -50.74375],
							"lerp_mode": "catmullrom"
						},
						"1.2917": {
							"post": [-8.83458, -46.26084, -51.57965],
							"lerp_mode": "catmullrom"
						},
						"1.3333": {
							"post": [-13.62468, -45.33384, -44.89558],
							"lerp_mode": "catmullrom"
						},
						"1.375": {
							"post": [-16.89461, -46.74184, -50.75884],
							"lerp_mode": "catmullrom"
						},
						"1.4583": {
							"post": [-16.61574, -45.19441, -45.68462],
							"lerp_mode": "catmullrom"
						},
						"1.5833": {
							"post": [-12.3925, -46.26, -50.3925],
							"lerp_mode": "catmullrom"
						},
						"1.7083": {
							"post": [-28.48, -22, -3.755],
							"lerp_mode": "catmullrom"
						},
						"1.8333": {
							"post": [-28.48, -22, 0.12],
							"lerp_mode": "catmullrom"
						},
						"1.875": {
							"post": [2.26936, -21.41194, -2.49531],
							"lerp_mode": "catmullrom"
						},
						"1.9167": {
							"post": [3.15925, -22.05443, -11.24019],
							"lerp_mode": "catmullrom"
						},
						"1.9583": {
							"post": [-6.4, -20.59264, -2.09237],
							"lerp_mode": "catmullrom"
						},
						"2.0417": {
							"post": [-7.04824, -22.74156, -9.35977],
							"lerp_mode": "catmullrom"
						},
						"2.125": {
							"post": [-9.16073, -22.35394, -5.57467],
							"lerp_mode": "catmullrom"
						},
						"2.25": {
							"post": [-25.88486, -9.34496, -4.03522],
							"lerp_mode": "catmullrom"
						},
						"2.375": {
							"post": [-36.31, 0.9225, 0.33],
							"lerp_mode": "catmullrom"
						},
						"2.4583": {
							"post": [-52.73929, 4.00689, 0.62975],
							"lerp_mode": "catmullrom"
						},
						"2.5417": {
							"post": [-54.23, 4.11, 0.65],
							"lerp_mode": "catmullrom"
						},
						"2.7083": {
							"post": [-54.845, 3.2675, 0.67],
							"lerp_mode": "catmullrom"
						},
						"2.7917": {
							"post": [-54.2825, 3.2175, 0.67],
							"lerp_mode": "catmullrom"
						},
						"2.8333": {
							"post": [-48.17679, 2.91314, 0.62975],
							"lerp_mode": "catmullrom"
						},
						"3.0": {
							"post": [-7.96875, 0, 0],
							"lerp_mode": "catmullrom"
						},
						"3.0833": {
							"post": [3, 0, 0],
							"lerp_mode": "catmullrom"
						},
						"3.3333": {
							"post": [0, 0, 0],
							"lerp_mode": "catmullrom"
						}
					},
					"position": {
						"0.0": {
							"post": [0, 0, 0],
							"lerp_mode": "catmullrom"
						},
						"0.125": {
							"post": [-1.2775, 0.6275, -0.87],
							"lerp_mode": "catmullrom"
						},
						"0.25": {
							"post": [-2.5, 2.875, -1.75],
							"lerp_mode": "catmullrom"
						},
						"0.4583": {
							"post": [-1.75, 2.88, -1.75],
							"lerp_mode": "catmullrom"
						},
						"0.5": {
							"post": [-3.34, 2.28625, -1.75],
							"lerp_mode": "catmullrom"
						},
						"0.5417": {
							"post": [-4.84375, 2.88, -1.75],
							"lerp_mode": "catmullrom"
						},
						"0.7917": {
							"post": [-3.47, 2.88, -1.75],
							"lerp_mode": "catmullrom"
						},
						"0.875": {
							"post": [-2.59, 1.86, -2.3125],
							"lerp_mode": "catmullrom"
						},
						"0.9583": {
							"post": [-2.12625, 2.72375, -5],
							"lerp_mode": "catmullrom"
						},
						"1.0417": {
							"post": [-2.07, 2.79, -5.48],
							"lerp_mode": "catmullrom"
						},
						"1.1667": {
							"post": [-2.07504, 2.72935, -5.50747],
							"lerp_mode": "catmullrom"
						},
						"1.25": {
							"post": [-2.17, 2.79, -5.4875],
							"lerp_mode": "catmullrom"
						},
						"1.2917": {
							"post": [-2.12625, 2.72375, -5.21875],
							"lerp_mode": "catmullrom"
						},
						"1.3333": {
							"post": [-1.34613, 1.87893, -5.34271],
							"lerp_mode": "catmullrom"
						},
						"1.4583": {
							"post": [-1.87577, 2.44722, -4.54105],
							"lerp_mode": "catmullrom"
						},
						"1.5417": {
							"post": [-1.87577, 2.44722, -4.54105],
							"lerp_mode": "catmullrom"
						},
						"1.5833": {
							"post": [-0.71, 1.31625, -3.56],
							"lerp_mode": "catmullrom"
						},
						"1.7083": {
							"post": [0.5, 1.33, -2.66],
							"lerp_mode": "catmullrom"
						},
						"1.8333": {
							"post": [0.5, 1.33, -2.66],
							"lerp_mode": "catmullrom"
						},
						"1.875": {
							"post": [0.74981, -0.50455, -3.64112],
							"lerp_mode": "catmullrom"
						},
						"1.9583": {
							"post": [0.37998, -0.89304, -3.14673],
							"lerp_mode": "catmullrom"
						},
						"2.0417": {
							"post": [0.5, -0.08, -2.97],
							"lerp_mode": "catmullrom"
						},
						"2.125": {
							"post": [0.43, 0.33, -2.46],
							"lerp_mode": "catmullrom"
						},
						"2.25": {
							"post": [0.23, 1.18125, -1.12],
							"lerp_mode": "catmullrom"
						},
						"2.375": {
							"post": [0.06, 0.3, 0],
							"lerp_mode": "catmullrom"
						},
						"2.5": {
							"post": [0.04, 1.12625, 1.1625],
							"lerp_mode": "catmullrom"
						},
						"2.5417": {
							"post": [0.03, 1.21, 1.53],
							"lerp_mode": "catmullrom"
						},
						"2.5833": {
							"post": [0.03, 1.19, 1.5775],
							"lerp_mode": "catmullrom"
						},
						"2.75": {
							"post": [0.03, 1.15, 1.5875],
							"lerp_mode": "catmullrom"
						},
						"2.7917": {
							"post": [0.02, 1.15, 1.455],
							"lerp_mode": "catmullrom"
						},
						"2.8333": {
							"post": [0.04, 1.12625, 0.94375],
							"lerp_mode": "catmullrom"
						},
						"2.9167": {
							"post": [0.25, 0.91375, -1.23],
							"lerp_mode": "catmullrom"
						},
						"3.0": {
							"post": [0, 0.34375, 0],
							"lerp_mode": "catmullrom"
						},
						"3.0833": {
							"post": [-0.06462, -0.24115, 0.01308],
							"lerp_mode": "catmullrom"
						},
						"3.2083": {
							"post": [-0.06462, -0.24115, 0.01308],
							"lerp_mode": "catmullrom"
						},
						"3.3333": {
							"post": [0, 0, 0],
							"lerp_mode": "catmullrom"
						}
					}
				},
				"magazine": {
					"rotation": {
						"0.4583": [0, 0, 0],
						"0.5417": [0, 0, 0],
						"0.625": [0, 0, 151.25],
						"0.75": [0, 0, 302.5],
						"0.9167": [0, 0, 151.25],
						"0.9583": [0, 0, 0],
						"1.125": [0, 0, 0],
						"1.2083": [0, 0, 0],
						"1.2917": [0, 0, 0],
						"1.3333": [0, 0, 0]
					},
					"position": {
						"0.4583": [0, 0, 0],
						"0.5417": [0, -7.6875, 1.875],
						"0.625": [-6.75399, -25.99405, -11.92838],
						"0.75": [-41.15, -57.53125, -5.12],
						"0.7917": [-61.71875, -27, -5.12],
						"0.9167": [0, -27.7525, -5.12],
						"1.125": [0, -13.39525, 4.32819],
						"1.2083": [0, -6.00563, 1.79431],
						"1.2917": [0, -6.00563, 1.79431],
						"1.3333": [0, 0, 0]
					},
					"scale": {
						"0.0": [1, 1, 1],
						"0.625": [1, 1, 1],
						"0.6667": [0, 0, 0],
						"1.0833": [0, 0, 0],
						"1.125": [1, 1, 1]
					}
				},
				"slider": {
					"rotation": {
						"0.0": [0, 0, 0],
						"1.8333": [0, 0, 0],
						"1.875": [0, 0, 0],
						"2.1667": [0, 0, 0],
						"2.375": [0, 0, 0],
						"2.8333": [0, 0, 0],
						"2.9167": [0, 0, 0]
					},
					"position": {
						"0.0": [0, 0, 1.72375],
						"1.8333": [0, 0, 1.72],
						"1.875": [0, 0, 0],
						"2.1667": [0, 0, 0],
						"2.375": [0, 0, 1.40625],
						"2.8333": [0, 0, 1.40625],
						"2.9167": [0, 0, 0]
					}
				},
				"Left_arm": {
					"rotation": {
						"0.0": [0, 0, 0],
						"0.25": [0, 0, 0],
						"1.0417": [0, 0, 2.5],
						"1.2083": [-9.71404, -10.27784, 1.75279],
						"1.2917": [-9.71, -10.28, 1.75],
						"1.3333": [-9.71, -10.28, 1.75],
						"1.5": {
							"pre": [-9.71, -10.28, 1.75],
							"post": [-9.71, -10.28, 1.75],
							"lerp_mode": "catmullrom"
						},
						"1.625": {
							"post": [-55.47528, -13.6733, -20.17455],
							"lerp_mode": "catmullrom"
						},
						"1.75": [-71.24056, -17.06661, -42.09911],
						"1.8333": [-71.24056, -17.06661, -42.09911],
						"1.875": [-106.24056, -17.06661, -42.09911],
						"1.9583": [-106.24, -17.07, -42.1],
						"2.0": [-106.24, -17.07, -42.1],
						"2.125": [-34.89148, -0.14718, -7.78691],
						"2.375": [-34.89, -0.15, -7.79],
						"2.7917": [-34.89, -0.15, -7.79],
						"2.8333": [-34.89, -0.15, -7.79],
						"2.9583": [-34.89148, -0.14718, -7.78691],
						"3.0": [0, 0, 0]
					},
					"position": {
						"0.0": [0, 0, 0],
						"0.125": [6.1475, -8.18, 0],
						"0.25": [2.875, -24.53125, 0],
						"0.5417": [24.3175, -19.24875, 0],
						"1.0417": [-0.08625, -22.53125, 2.78125],
						"1.125": [-0.09, -16.74875, 6.8425],
						"1.2083": [-0.09, -9.4375, 4.215],
						"1.2917": [-0.09, -9.44, 4.22],
						"1.3333": [-0.09, -3.1275, 1.97],
						"1.5": {
							"pre": [-0.09, -3.13, 1.97],
							"post": [-0.09, -3.13, 1.97],
							"lerp_mode": "catmullrom"
						},
						"1.625": {
							"post": [2.86, 4.43375, 2.37],
							"lerp_mode": "catmullrom"
						},
						"1.75": [-0.09, 4.33875, 2.47],
						"1.8333": [-0.09, 4.33875, 2.47],
						"1.875": [-0.09, 2.62125, 10.93875],
						"1.9583": [0.75375, 0.65125, 10.94],
						"2.0": [-0.09, -3.41125, 10.94],
						"2.125": [4.785, -5.66, 3.22125],
						"2.375": [4.79, -2.035, 12.62625],
						"2.7917": [4.79, -2.035, 12.62625],
						"2.8333": [4.79, -2.035, 12.62625],
						"2.9583": [4.785, -5.66, 3.22125],
						"3.0": [0, 0, 0]
					}
				},
				"Right_arm": {
					"rotation": {
						"0.0": [0, 0, 0],
						"0.2083": [0, 0, 0],
						"0.4583": [0, 0, 0],
						"0.5417": [0, 0, 0],
						"0.8333": [0, 0, 0],
						"0.9583": [0, 0, 0],
						"1.5": [0, 0, 0],
						"1.625": [0, 0, 0],
						"2.0833": [0, 0, 0],
						"2.125": [-6.92, 1.14, 3.64],
						"2.375": [-34.58897, 5.71617, 18.21888],
						"2.8333": [-34.58897, 5.71617, 18.21888],
						"2.9167": [-18.78982, 11.65161, -4.37237],
						"3.0": [0, 0, 0]
					},
					"position": {
						"0.0": [0, 0, 0],
						"0.2083": [-0.875, 0, 0],
						"0.4583": [-0.875, 0, 0],
						"0.5417": [0, 0, 0],
						"0.8333": [0, 0, 0],
						"0.9583": [-0.87, 0, 0],
						"1.5": [-0.87, 0, 0],
						"1.625": [0, 0, 0],
						"2.0833": [0, 0, 0],
						"2.125": [-0.49, 0.54, 0.29],
						"2.25": [-1.48375, 1.62625, 0.86],
						"2.375": [-0.65625, 3.28125, 1.4375],
						"2.8333": [-0.65625, 3.28125, 1.4375],
						"2.9167": [-1.63469, 0.5611, 0.66607],
						"3.0": [0, 0, 0]
					}
				},
				"jws_ammo2": {
					"scale": {
						"0.5833": [0, 0, 0],
						"2.1667": {
							"pre": [0, 0, 0],
							"post": [1, 1, 1]
						}
					}
				},
				"camera": {
					"rotation": {
						"0.0": {
							"post": [0, 0, 0],
							"lerp_mode": "catmullrom"
						},
						"0.0833": {
							"post": [1.24, 0, 0],
							"lerp_mode": "catmullrom"
						},
						"0.2083": {
							"post": [1.75, 0, 0],
							"lerp_mode": "catmullrom"
						},
						"0.375": {
							"post": [0, 0, 0],
							"lerp_mode": "catmullrom"
						},
						"0.4583": {
							"post": [0, 0, 0],
							"lerp_mode": "catmullrom"
						},
						"0.5": {
							"post": [0, 0, 2.25],
							"lerp_mode": "catmullrom"
						},
						"0.5417": {
							"post": [0, 0, -2],
							"lerp_mode": "catmullrom"
						},
						"0.6667": {
							"post": [0, 0, 1.25],
							"lerp_mode": "catmullrom"
						},
						"0.8333": {
							"post": [0, 0, 0.25],
							"lerp_mode": "catmullrom"
						},
						"1.0": {
							"post": [1.70313, 0, 0.17687],
							"lerp_mode": "catmullrom"
						},
						"1.25": {
							"post": [0, 0, 0.25],
							"lerp_mode": "catmullrom"
						},
						"1.2917": {
							"post": [0, 0, 0.25],
							"lerp_mode": "catmullrom"
						},
						"1.3333": {
							"post": [0, 0, 3],
							"lerp_mode": "catmullrom"
						},
						"1.375": {
							"post": [0, 0, -0.25],
							"lerp_mode": "catmullrom"
						},
						"1.4583": {
							"post": [0, 0, 2.25],
							"lerp_mode": "catmullrom"
						},
						"1.5833": {
							"post": [0, 0, 0.25],
							"lerp_mode": "catmullrom"
						},
						"1.6667": {
							"post": [1, 0, 0.106],
							"lerp_mode": "catmullrom"
						},
						"1.7917": {
							"post": [0, 0, 0.25],
							"lerp_mode": "catmullrom"
						},
						"1.8333": {
							"post": [0, 0, 0.25],
							"lerp_mode": "catmullrom"
						},
						"1.875": {
							"post": [0.5, 0, -1.90625],
							"lerp_mode": "catmullrom"
						},
						"1.9167": {
							"post": [-1.24904, 0.04907, 3.09322],
							"lerp_mode": "catmullrom"
						},
						"1.9583": {
							"post": [-1.38, 0.03, -0.95375],
							"lerp_mode": "catmullrom"
						},
						"2.0": {
							"post": [-1.25, 0, 1.5625],
							"lerp_mode": "catmullrom"
						},
						"2.0417": {
							"post": [-1.15, 0.01, -0.21625],
							"lerp_mode": "catmullrom"
						},
						"2.125": {
							"post": [-0.84332, 0.03272, 0.87464],
							"lerp_mode": "catmullrom"
						},
						"2.2917": {
							"post": [-0.125, 0.03, 1.75],
							"lerp_mode": "catmullrom"
						},
						"2.5": {
							"post": [3.65625, 0.03, 1.75],
							"lerp_mode": "catmullrom"
						},
						"2.7917": {
							"post": [3.65625, 0.03, 1.46875],
							"lerp_mode": "catmullrom"
						},
						"3.0417": {
							"post": [0, 0, 0],
							"lerp_mode": "catmullrom"
						},
						"3.25": {
							"post": [0, 0, 0],
							"lerp_mode": "catmullrom"
						}
					},
					"position": {
						"0.0": {
							"post": [0, 0, 0],
							"lerp_mode": "catmullrom"
						},
						"0.375": {
							"post": [0, 0, 0],
							"lerp_mode": "catmullrom"
						},
						"0.4583": {
							"post": [0, 0, 0],
							"lerp_mode": "catmullrom"
						},
						"1.25": {
							"post": [0, 0, 0],
							"lerp_mode": "catmullrom"
						},
						"3.0417": {
							"post": [0, 0, 0],
							"lerp_mode": "catmullrom"
						},
						"3.25": {
							"post": [0, 0, 0],
							"lerp_mode": "catmullrom"
						}
					}
				}
			}
		},
		"inspect": {
			"animation_length": 8.125,
			"bones": {
				"lefthand": {
					"rotation": [0, 2.5, 0],
					"position": [0.125, -0.40625, 0],
					"scale": [1, 1.4, 1]
				},
				"righthand": {
					"rotation": [0, 0, 0],
					"position": [0, 0, 0],
					"scale": [1, 1.4, 1]
				},
				"firinghammer": {
					"rotation": {
						"0.0": [0, 0, 0],
						"0.0833": [0, 0, 0],
						"0.125": [50, 0, 0],
						"5.0417": [50, 0, 0],
						"5.0833": [0, 0, 0]
					},
					"position": {
						"0.0": [0, 0, 0],
						"0.0833": [0, 0, 0],
						"5.0417": [0, 0, 0],
						"5.0833": [0, 0, 0]
					}
				},
				"root": {
					"rotation": {
						"0.0": {
							"post": [0, 0, 0],
							"lerp_mode": "catmullrom"
						},
						"0.0833": {
							"post": [9.9741, -7.19343, -14.96362],
							"lerp_mode": "catmullrom"
						},
						"0.2083": {
							"post": [-0.10912, 2.49762, -2.50238],
							"lerp_mode": "catmullrom"
						},
						"0.2917": {
							"post": [2.76457, 7.70817, 1.98883],
							"lerp_mode": "catmullrom"
						},
						"0.375": {
							"post": [6.99649, 3.82982, 3.6141],
							"lerp_mode": "catmullrom"
						},
						"0.4167": {
							"post": [28.79029, 3.54254, 3.73449],
							"lerp_mode": "catmullrom"
						},
						"0.4583": {
							"post": [-1.20971, 3.54254, 3.73449],
							"lerp_mode": "catmullrom"
						},
						"0.5": {
							"post": [-31.42709, -26.61009, -10.53156],
							"lerp_mode": "catmullrom"
						},
						"0.5417": {
							"post": [-59.60045, 8.83812, 6.22982],
							"lerp_mode": "catmullrom"
						},
						"0.625": {
							"post": [-50.73459, 77.0468, 38.7577],
							"lerp_mode": "catmullrom"
						},
						"0.7083": {
							"post": [-33.77032, 18.44846, 57.44049],
							"lerp_mode": "catmullrom"
						},
						"0.7917": {
							"post": [-30.77451, 4.67832, 66.4939],
							"lerp_mode": "catmullrom"
						},
						"0.8333": {
							"post": [-31.07, 5.13, 67.41],
							"lerp_mode": "catmullrom"
						},
						"0.875": {
							"post": [-31.87072, 8.08128, 65.6437],
							"lerp_mode": "catmullrom"
						},
						"0.9167": {
							"post": [-32.96252, 14.2717, 60.30588],
							"lerp_mode": "catmullrom"
						},
						"1.0417": {
							"post": [-38.15155, 25.91496, 50.94655],
							"lerp_mode": "catmullrom"
						},
						"1.4167": {
							"post": [-62.32558, 44.48352, 37.04539],
							"lerp_mode": "catmullrom"
						},
						"1.875": {
							"post": [-62.76963, 44.06383, 33.10956],
							"lerp_mode": "catmullrom"
						},
						"2.0833": {
							"post": [-63.64018, 39.96267, 31.92959],
							"lerp_mode": "catmullrom"
						},
						"2.3333": {
							"post": [-63.66375, 32.04375, 28.94375],
							"lerp_mode": "catmullrom"
						},
						"2.5417": {
							"post": [-42.20766, 0.42039, -0.10355],
							"lerp_mode": "catmullrom"
						},
						"2.6667": {
							"post": [-3.34, -43.78375, -38.90375],
							"lerp_mode": "catmullrom"
						},
						"2.75": {
							"post": [3.22077, -58.44968, -63.8405],
							"lerp_mode": "catmullrom"
						},
						"3.0": {
							"post": [3.22077, -58.44968, -66.18425],
							"lerp_mode": "catmullrom"
						},
						"3.125": {
							"post": [3.22, -58.45, -66.18],
							"lerp_mode": "catmullrom"
						},
						"3.2083": {
							"post": [12.89617, -52.41752, -78.03331],
							"lerp_mode": "catmullrom"
						},
						"3.2917": {
							"post": [7.82368, -45.47003, -70.29606],
							"lerp_mode": "catmullrom"
						},
						"3.3333": {
							"post": [19.28845, -45.11534, -86.17405],
							"lerp_mode": "catmullrom"
						},
						"3.4167": {
							"post": [7.71203, -47.29028, -71.5255],
							"lerp_mode": "catmullrom"
						},
						"3.5": {
							"post": [7.71, -47.28625, -71.53],
							"lerp_mode": "catmullrom"
						},
						"3.7083": {
							"post": [6.95002, -55.64925, -78.07783],
							"lerp_mode": "catmullrom"
						},
						"3.875": {
							"post": [12.81455, -61.20652, -78.91004],
							"lerp_mode": "catmullrom"
						},
						"4.0": {
							"post": [13.37123, -64.65424, -81.01446],
							"lerp_mode": "catmullrom"
						},
						"4.125": {
							"post": [13.37123, -64.65424, -81.01446],
							"lerp_mode": "catmullrom"
						},
						"4.2917": {
							"post": [6.95, -55.65, -75.73625],
							"lerp_mode": "catmullrom"
						},
						"4.4167": {
							"post": [-12.08625, -27.34, -47.47625],
							"lerp_mode": "catmullrom"
						},
						"4.5833": {
							"post": [-21.66875, 13.09, 17.74125],
							"lerp_mode": "catmullrom"
						},
						"4.7083": {
							"post": [-24.86551, 28.91372, 42.81593],
							"lerp_mode": "catmullrom"
						},
						"4.9583": {
							"post": [-19.5297, 31.64287, 60.24835],
							"lerp_mode": "catmullrom"
						},
						"5.0417": {
							"post": [-19.5297, 31.64287, 60.24835],
							"lerp_mode": "catmullrom"
						},
						"5.0833": {
							"post": [-18.23225, 24.54491, 62.99783],
							"lerp_mode": "catmullrom"
						},
						"5.1667": {
							"post": [-17.21066, 15.67534, 65.99982],
							"lerp_mode": "catmullrom"
						},
						"5.2917": {
							"post": [-17.89481, 22.16569, 63.84181],
							"lerp_mode": "catmullrom"
						},
						"5.375": {
							"post": [-17.62, 19.98, 64.59],
							"lerp_mode": "catmullrom"
						},
						"5.4583": {
							"post": [-11.5978, 2.93861, 74.05348],
							"lerp_mode": "catmullrom"
						},
						"5.625": {
							"post": [-11.5978, 2.93861, 74.05348],
							"lerp_mode": "catmullrom"
						},
						"5.7917": {
							"post": [-11.83388, -11.75237, 72.50628],
							"lerp_mode": "catmullrom"
						},
						"5.8333": {
							"post": [-10.6389, 35.6521, 68.49537],
							"lerp_mode": "catmullrom"
						},
						"5.9167": {
							"post": [-16.2629, 33.55738, 59.1017],
							"lerp_mode": "catmullrom"
						},
						"6.0": {
							"post": [-12.55207, 36.25542, 65.19138],
							"lerp_mode": "catmullrom"
						},
						"6.0833": {
							"post": [-13.14538, 26.29606, 63.95476],
							"lerp_mode": "catmullrom"
						},
						"6.1667": {
							"post": [-11.69304, 7.83582, 68.44629],
							"lerp_mode": "catmullrom"
						},
						"6.2083": {
							"post": [-11.85266, 12.24546, 67.51792],
							"lerp_mode": "catmullrom"
						},
						"6.25": {
							"post": [-11.32249, 6.97544, 74.27384],
							"lerp_mode": "catmullrom"
						},
						"6.2917": {
							"post": [-11.47, 6.27, 72.63],
							"lerp_mode": "catmullrom"
						},
						"6.3333": {
							"post": [-11.68726, 6.21959, 68.0182],
							"lerp_mode": "catmullrom"
						},
						"6.4583": {
							"post": [-11.69, 6.22, 51.02],
							"lerp_mode": "catmullrom"
						},
						"6.5833": {
							"post": [-8.11, -11.47, -3.86625],
							"lerp_mode": "catmullrom"
						},
						"6.7083": {
							"post": [-12.34417, -58.14869, -48.38756],
							"lerp_mode": "catmullrom"
						},
						"6.9167": {
							"post": [-19.88087, -56.75725, -51.70259],
							"lerp_mode": "catmullrom"
						},
						"7.1667": {
							"post": [-13.16, -58, -52.52],
							"lerp_mode": "catmullrom"
						},
						"7.2083": {
							"post": [-31.6953, -54.20252, -34.46596],
							"lerp_mode": "catmullrom"
						},
						"7.2917": {
							"post": [9.08167, -59.92325, -68.57792],
							"lerp_mode": "catmullrom"
						},
						"7.375": {
							"post": [-21.2228, -57.93495, -33.4933],
							"lerp_mode": "catmullrom"
						},
						"7.4583": {
							"post": [-9.9848, -45.08816, -39.85278],
							"lerp_mode": "catmullrom"
						},
						"7.5417": {
							"post": [-10.9212, -24.79354, -22.82856],
							"lerp_mode": "catmullrom"
						},
						"7.6667": {
							"post": [0, -3.875, 0],
							"lerp_mode": "catmullrom"
						},
						"7.75": {
							"post": [0.65731, -0.6564, 3.67677],
							"lerp_mode": "catmullrom"
						},
						"7.875": {
							"post": [0, 0, 0],
							"lerp_mode": "catmullrom"
						}
					},
					"position": {
						"0.0": {
							"post": [0, 0, 0],
							"lerp_mode": "catmullrom"
						},
						"0.0833": {
							"post": [-1.71, -0.66375, 0.12],
							"lerp_mode": "catmullrom"
						},
						"0.2083": {
							"post": [-3.53125, -0.40625, 0],
							"lerp_mode": "catmullrom"
						},
						"0.2917": {
							"post": [-5.01, -0.86875, -0.78],
							"lerp_mode": "catmullrom"
						},
						"0.375": {
							"post": [-8.065, -3.8125, -2.59375],
							"lerp_mode": "catmullrom"
						},
						"0.4167": {
							"post": [-8.50875, -4.43625, -2.73],
							"lerp_mode": "catmullrom"
						},
						"0.5": {
							"post": [-5.665, 2.94625, -2.74],
							"lerp_mode": "catmullrom"
						},
						"0.5417": {
							"post": [-2.46, 7.8275, -2.74],
							"lerp_mode": "catmullrom"
						},
						"0.5833": {
							"post": [0.81375, 8.70125, -2.73],
							"lerp_mode": "catmullrom"
						},
						"0.625": {
							"post": [3.3025, 7.09125, -2.73],
							"lerp_mode": "catmullrom"
						},
						"0.6667": {
							"post": [5.74, 2.4025, -2.73],
							"lerp_mode": "catmullrom"
						},
						"0.75": {
							"post": [5.74, -2.095, -2.73],
							"lerp_mode": "catmullrom"
						},
						"0.8333": {
							"post": [5.74, -1.94875, -2.75],
							"lerp_mode": "catmullrom"
						},
						"0.9167": {
							"post": [5.74, -1.37625, -2.73],
							"lerp_mode": "catmullrom"
						},
						"1.0833": {
							"post": [5.78235, -0.4295, -2.33604],
							"lerp_mode": "catmullrom"
						},
						"1.2917": {
							"post": [5.615, 0.65, -1.35],
							"lerp_mode": "catmullrom"
						},
						"1.5417": {
							"post": [5.37, 2.61625, -0.33],
							"lerp_mode": "catmullrom"
						},
						"1.7917": {
							"post": [5.13, 3.77352, 0.62],
							"lerp_mode": "catmullrom"
						},
						"1.9583": {
							"post": [5.25337, 3.87, 0.61],
							"lerp_mode": "catmullrom"
						},
						"2.2083": {
							"post": [5.46, 3.81125, 0.56],
							"lerp_mode": "catmullrom"
						},
						"2.4583": {
							"post": [5.14625, 3.09375, 0.525],
							"lerp_mode": "catmullrom"
						},
						"2.625": {
							"post": [2.04, 2.775, 0.52],
							"lerp_mode": "catmullrom"
						},
						"2.75": {
							"post": [-1.0375, 2.965, 0.52],
							"lerp_mode": "catmullrom"
						},
						"2.9583": {
							"post": [-1.0375, 2.965, 0.52],
							"lerp_mode": "catmullrom"
						},
						"3.125": {
							"post": [-1.04, 4.31375, 0.52],
							"lerp_mode": "catmullrom"
						},
						"3.2917": {
							"post": [-1.04, 3.02875, 0.52],
							"lerp_mode": "catmullrom"
						},
						"3.4167": {
							"post": [-1.13375, 3.24875, 0.52],
							"lerp_mode": "catmullrom"
						},
						"3.5417": {
							"post": [-1.04, 3.6825, 0.52],
							"lerp_mode": "catmullrom"
						},
						"3.7083": {
							"post": [-1.8525, 4.495, 0.52],
							"lerp_mode": "catmullrom"
						},
						"3.875": {
							"post": [-2.36659, 5.01926, 0.35508],
							"lerp_mode": "catmullrom"
						},
						"4.125": {
							"post": [-2.07, 4.915, 0.38],
							"lerp_mode": "catmullrom"
						},
						"4.3333": {
							"post": [-1.50625, 3.71875, 0.52],
							"lerp_mode": "catmullrom"
						},
						"4.5": {
							"post": [-0.45, 1.455, 1.37],
							"lerp_mode": "catmullrom"
						},
						"4.6667": {
							"post": [0.24375, 1.46875, 1.9575],
							"lerp_mode": "catmullrom"
						},
						"4.9583": {
							"post": [0.20875, 1.72, 1.24125],
							"lerp_mode": "catmullrom"
						},
						"5.0417": {
							"post": [0.20875, 1.72, 1.24125],
							"lerp_mode": "catmullrom"
						},
						"5.0833": {
							"post": [0.21, 0.25125, -1.76],
							"lerp_mode": "catmullrom"
						},
						"5.1667": {
							"post": [0.21, 0.2, -1.88125],
							"lerp_mode": "catmullrom"
						},
						"5.2917": {
							"post": [0.21, 0.9375, -1.38],
							"lerp_mode": "catmullrom"
						},
						"5.375": {
							"post": [0.21, 0.25, -1.36],
							"lerp_mode": "catmullrom"
						},
						"5.4583": {
							"post": [0.21, -0.125, -1.38],
							"lerp_mode": "catmullrom"
						},
						"5.625": {
							"post": [0.21, -0.25375, -1.38],
							"lerp_mode": "catmullrom"
						},
						"5.7917": {
							"post": [0.21, -1.78125, -1.38],
							"lerp_mode": "catmullrom"
						},
						"5.8333": {
							"post": [0.21, 1.9725, -1.38],
							"lerp_mode": "catmullrom"
						},
						"6.0": {
							"post": [0.21, 0.94125, -1.38],
							"lerp_mode": "catmullrom"
						},
						"6.1667": {
							"post": [0.21, 0.44625, -1.63],
							"lerp_mode": "catmullrom"
						},
						"6.2083": {
							"post": [0.21, 0.45, -1.38],
							"lerp_mode": "catmullrom"
						},
						"6.25": {
							"post": [0.335, 0.075, -2.88],
							"lerp_mode": "catmullrom"
						},
						"6.3333": {
							"post": [0.34, 0.08, -1.66125],
							"lerp_mode": "catmullrom"
						},
						"6.4583": {
							"post": [0.34, 0.08, -0.31625],
							"lerp_mode": "catmullrom"
						},
						"6.7083": {
							"post": [-2.25375, 3.79875, -1.7575],
							"lerp_mode": "catmullrom"
						},
						"6.9167": {
							"post": [-2.25375, 4.205, -1.7575],
							"lerp_mode": "catmullrom"
						},
						"7.0": {
							"post": [-2.07046, 4.04154, -1.80345],
							"lerp_mode": "catmullrom"
						},
						"7.1667": {
							"post": [-2.22, 4.18, -1.77],
							"lerp_mode": "catmullrom"
						},
						"7.2083": {
							"post": [-1.31622, 2.3591, -1.89852],
							"lerp_mode": "catmullrom"
						},
						"7.3333": {
							"post": [-1.45685, 2.20005, -1.87737],
							"lerp_mode": "catmullrom"
						},
						"7.375": {
							"post": [-1.33, 2.37625, -1.72],
							"lerp_mode": "catmullrom"
						},
						"7.4583": {
							"post": [-0.77, 2.31375, -1],
							"lerp_mode": "catmullrom"
						},
						"7.625": {
							"post": [0, 0.4375, 0],
							"lerp_mode": "catmullrom"
						},
						"7.75": {
							"post": [0.01336, -0.00877, 0.05095],
							"lerp_mode": "catmullrom"
						},
						"7.875": {
							"post": [0, 0, 0],
							"lerp_mode": "catmullrom"
						}
					}
				},
				"Jrx2011": {
					"rotation": {
						"0.0": [0, 0, 0],
						"0.1667": [0, 0, 0],
						"0.2917": [-3.28, 0, 0],
						"0.3333": [9.82, 0, 0],
						"0.375": [22.19, 0, 0],
						"0.4167": [13.03, 0, 0],
						"0.75": {
							"pre": [-1075, 0, 0],
							"post": [0, 0, 0]
						}
					},
					"position": {
						"0.0": [0, 0, 0],
						"0.1667": [0, 0, 0]
					}
				},
				"Left_arm": {
					"rotation": {
						"0.0": [0, 0, 0],
						"0.125": [12.68664, -9.76061, -2.18558],
						"2.875": [12.68664, -9.76061, -2.18558],
						"3.125": [12.68664, -9.76061, -2.18558],
						"3.625": [42.89765, 30.45019, 139.11618],
						"3.7083": [42.89765, 30.45019, 139.11618],
						"3.8333": {
							"pre": [36.25882, 38.4465, 127.43587],
							"post": [36.25882, 38.4465, 127.43587],
							"lerp_mode": "catmullrom"
						},
						"4.375": {
							"post": [36.26, 38.45, 127.44],
							"lerp_mode": "catmullrom"
						},
						"4.4583": [-38.05772, 74.11638, 18.12708],
						"4.5": [20.12673, 48.90662, 43.78919],
						"4.5417": [42.86004, 32.6554, 77.67967],
						"4.6667": [39.30491, 45.98245, 13.55728],
						"4.875": [-9.13724, 0.77746, -43.59401],
						"4.9583": [-41.35402, -32.67195, -102.26431],
						"5.0417": [-41.35402, -32.67195, -102.26431],
						"5.1667": [-41.35, -32.67, -102.26],
						"6.5": [-41.35, -32.67, -102.26],
						"6.6667": [4.57102, 37.07379, 65.46479],
						"6.9167": [4.57, 37.07, 65.46],
						"7.0": [4.57, 37.07, 65.46],
						"7.1667": [4.57, 37.07, 65.46],
						"7.3333": [4.57, 37.07, 65.46],
						"7.5": [-0.90373, 15.97946, 17.65412],
						"7.625": [0, 0, 0]
					},
					"position": {
						"0.0": [0, 0, 0],
						"0.125": [11.34375, -18.46875, 3.8125],
						"0.4167": [11.34, -18.47, 14.52875],
						"0.5417": [6.29378, 9.52195, 31.04624],
						"0.625": [-6.89693, 11.86829, 32.96969],
						"2.5833": [-6.89693, 11.86829, 32.96969],
						"2.875": [1.99583, -15.20054, 12.75419],
						"3.125": [1.99583, -15.20054, 12.75419],
						"3.625": [-0.52498, -4.75695, 1.89973],
						"3.7083": [-0.52498, -4.75695, 1.89973],
						"3.7917": [-0.98, -9.54, 3.60375],
						"3.8333": {
							"pre": [-1.42625, -11.3225, 3.74375],
							"post": [-1.42625, -11.3225, 3.74375],
							"lerp_mode": "catmullrom"
						},
						"4.0": {
							"post": [-4.8675, -11.195, -0.8175],
							"lerp_mode": "catmullrom"
						},
						"4.2083": {
							"post": [-5.21, -11.49375, -1.07],
							"lerp_mode": "catmullrom"
						},
						"4.375": {
							"post": [-4.87, -11.19, -0.82],
							"lerp_mode": "catmullrom"
						},
						"4.4583": [-2.62, -8.0025, -0.82],
						"4.5": [-0.995, -5.6875, -1.2575],
						"4.5417": [-0.71875, -4.94, -2.10375],
						"4.5833": [0.24875, -2.22125, -1.44375],
						"4.6667": [1.375, -0.00125, -1.44],
						"4.8333": [3.305, 1.35, -0.65],
						"4.9167": [2.27, 5.45, 0.14],
						"4.9583": [-0.83875, 6.5625, 2.185],
						"5.0417": [-0.83875, 6.5625, 2.185],
						"5.0833": [-0.09, 6.56, 4.90875],
						"5.1667": [4.90625, 6.56, 8.535],
						"6.5": [4.90625, 6.56, 8.535],
						"6.5417": [5.7025, 2.01, 7.36],
						"6.6667": [-0.16125, -11.64625, 3.85],
						"6.9167": [-0.16, -11.65, 3.85],
						"7.0": [-0.06625, -10.2125, 3.725],
						"7.1667": [-0.07, -10.21, 3.73],
						"7.2083": [-0.07, -4.1475, 1.57375],
						"7.3333": [-0.07, -4.15, 1.57],
						"7.5": [1.59656, -2.4598, 0.15015],
						"7.625": [0, 0, 0]
					}
				},
				"Right_arm": {
					"rotation": {
						"0.0": [0, 0, 0],
						"0.0833": [-15, 0, 0],
						"0.125": [-15, 0, 0],
						"0.2083": [0, 0, 0],
						"0.25": [12.5, 0, 0],
						"0.375": [12.45392, -1.08089, 4.88206],
						"0.625": [12.45, -1.08, 4.88],
						"0.6667": [12.45, -1.08, 4.88],
						"0.8333": [0, 0, 0]
					},
					"position": {
						"0.0": [0, 0, 0],
						"0.0833": [0, 0.75, 3.125],
						"0.125": [0, 0.75, 3.125],
						"0.2083": [0, 0, 0],
						"0.375": [0, 0.3125, 0],
						"0.625": [0, 0.31, 0],
						"0.6667": [0, 0.31, 0],
						"0.8333": [0, 0, 0]
					}
				},
				"magazine": {
					"rotation": {
						"3.7083": {
							"pre": [0, 0, 0],
							"post": [0, 0, 0],
							"lerp_mode": "catmullrom"
						},
						"3.8333": {
							"post": [0, 0, 0.34375],
							"lerp_mode": "catmullrom"
						},
						"3.9583": {
							"post": [-4.94809, -0.24545, 32.59906],
							"lerp_mode": "catmullrom"
						},
						"4.4167": {
							"post": [-7.51059, -0.24545, 37.47406],
							"lerp_mode": "catmullrom"
						},
						"4.5833": [-182.99607, -74.13165, 149.76687],
						"6.4583": [-183, -74.13, 149.77],
						"6.5": [-145.83, -59.07, 119.42],
						"6.5417": [-91.5, -37.06, 75.06],
						"6.5833": [-37.17, -15.06, 30.7],
						"6.625": [0, 0, 0.34],
						"6.6667": [9.6, 3.89, -7.5],
						"6.7083": [13.34, 5.4, -10.55],
						"6.75": [12.8, 5.19, -10.11],
						"6.7917": [9.6, 3.89, -7.5],
						"6.8333": [5.34, 2.16, -4.02],
						"6.875": [1.6, 0.65, -0.97],
						"6.9167": [0, 0, 0.34],
						"6.9583": [0, 0, 0.34],
						"7.0": [0, 0, 0.34],
						"7.0417": [0, 0, 0.34],
						"7.0833": [0, 0, 0.34],
						"7.125": [0, 0, 0.34],
						"7.1667": [0, 0, 0.34],
						"7.2083": [0, 0, 0]
					},
					"position": {
						"3.7083": {
							"pre": [0, 0, 0],
							"post": [0, 0, 0],
							"lerp_mode": "catmullrom"
						},
						"3.8333": {
							"post": [0, -7, 2],
							"lerp_mode": "catmullrom"
						},
						"3.9583": {
							"post": [-2.97, -7, -2.46875],
							"lerp_mode": "catmullrom"
						},
						"4.4167": {
							"post": [-2.97, -7, -3.09375],
							"lerp_mode": "catmullrom"
						},
						"4.5833": [0.31125, -0.71875, -2.12125],
						"6.4583": [0.31, -0.72, -2.12],
						"6.5": [0.25, -2, -1.28],
						"6.5417": [0.15, -3.86, -0.06],
						"6.5833": [0.06, -5.72, 1.16],
						"6.625": [0, -7, 2],
						"6.6667": [-0.02, -7.34, 2.22],
						"6.7083": [-0.02, -7.5, 2.31],
						"6.75": [-0.02, -7.52, 2.3],
						"6.7917": [-0.02, -7.44, 2.23],
						"6.8333": [-0.01, -7.29, 2.13],
						"6.875": [0, -7.14, 2.05],
						"6.9167": [0, -7, 2],
						"6.9583": [0, -6.23, 1.91],
						"7.0": [0, -5.47, 1.81],
						"7.0417": [0, -5.47, 1.81],
						"7.0833": [0, -5.47, 1.81],
						"7.125": [0, -5.47, 1.81],
						"7.1667": [0, -5.47, 1.81],
						"7.2083": [0, 0, 0]
					}
				},
				"slider": {
					"rotation": {
						"5.0417": [0, 0, 0],
						"6.2083": [0, 0, 0],
						"6.25": [0, 0, 0]
					},
					"position": {
						"5.0417": [0, 0, 0],
						"5.0833": [0, 0, 1.6875],
						"6.2083": [0, 0, 1.69],
						"6.25": [0, 0, 0]
					}
				},
				"jws_ammo2": {
					"rotation": {
						"5.0833": [0, 0, 0],
						"5.4583": {
							"pre": [-1445.64743, -2.41476, -58.55635],
							"post": [0, 0, 0]
						},
						"5.6667": [0, 0, -225],
						"5.7917": [0, 0, -225],
						"5.8333": [0, 0, -225],
						"6.1667": {
							"pre": [-1802.5, 0, -1526.12566],
							"post": [0, 0, 0]
						}
					},
					"position": {
						"5.0833": [0, 0, 0],
						"5.125": [-2.51, 0.09, -0.29],
						"5.1667": [-6.33, 0.23, -0.69],
						"5.2083": [-10.39, 0.37, -1.16],
						"5.25": [-13.64, 0.46, -1.66],
						"5.2917": [-15, 0.47, -2.15],
						"5.3333": [-13.16, 0.31, -2.83],
						"5.375": [-8.8, 0.02, -3.58],
						"5.4167": [-3.98, -0.3, -4.26],
						"5.4583": [-0.72, -0.56, -4.72],
						"5.625": [-0.68094, -1.16855, -4.51219],
						"5.7917": [-0.68, -1.295, -5.385],
						"5.8333": [-5.08625, -1.17, -4.51],
						"6.0": [-7.84, -1.17, -4.51],
						"6.1667": [0, 0, 0]
					}
				},
				"camera": {
					"rotation": {
						"0.0": {
							"post": [0, 0, 0],
							"lerp_mode": "catmullrom"
						},
						"0.125": {
							"post": [0.75006, 0.74994, 0.00982],
							"lerp_mode": "catmullrom"
						},
						"0.25": {
							"post": [1.1, 1.65875, 0.04],
							"lerp_mode": "catmullrom"
						},
						"0.3333": {
							"post": [1.25167, 2.9994, 0.05896],
							"lerp_mode": "catmullrom"
						},
						"0.4583": {
							"post": [1.25167, 2.9994, 0.05896],
							"lerp_mode": "catmullrom"
						},
						"0.5833": {
							"post": [-1.31083, 2.7494, 0.05896],
							"lerp_mode": "catmullrom"
						},
						"0.6667": {
							"post": [-1.3125, 1.28125, 0.06],
							"lerp_mode": "catmullrom"
						},
						"0.75": {
							"post": [2.37447, -3.24519, 0.30528],
							"lerp_mode": "catmullrom"
						},
						"0.8333": {
							"post": [3.4651, -3.39728, 3.05569],
							"lerp_mode": "catmullrom"
						},
						"0.9167": {
							"post": [3.22105, -3.27341, 1.61779],
							"lerp_mode": "catmullrom"
						},
						"1.0": {
							"post": [3.10489, -3.38377, 2.61812],
							"lerp_mode": "catmullrom"
						},
						"1.0833": {
							"post": [3.3, -4.06, 1.8875],
							"lerp_mode": "catmullrom"
						},
						"1.1667": {
							"post": [3.10964, -4.63193, 2.26895],
							"lerp_mode": "catmullrom"
						},
						"1.5417": {
							"post": [-0.14933, -3.89695, -0.52476],
							"lerp_mode": "catmullrom"
						},
						"1.9583": {
							"post": [-1.4531, -5.09613, -0.47263],
							"lerp_mode": "catmullrom"
						},
						"2.1667": {
							"post": [-0.05421, -5.63973, 0.75228],
							"lerp_mode": "catmullrom"
						},
						"2.4583": {
							"post": [-0.05, -5.64, -0.28],
							"lerp_mode": "catmullrom"
						},
						"2.625": {
							"post": [1.76298, -3.21072, -0.15947],
							"lerp_mode": "catmullrom"
						},
						"2.8333": {
							"post": [0, 0, 0],
							"lerp_mode": "catmullrom"
						},
						"3.0833": {
							"post": [-0.75, 0, 0],
							"lerp_mode": "catmullrom"
						},
						"3.25": {
							"post": [0.25, 0, 0],
							"lerp_mode": "catmullrom"
						},
						"3.3333": {
							"post": [0.24991, -0.00654, 0.78124],
							"lerp_mode": "catmullrom"
						},
						"3.4167": {
							"post": [0.24994, -0.00545, -0.59376],
							"lerp_mode": "catmullrom"
						},
						"3.5": {
							"post": [0.24985, -0.00872, 0.49998],
							"lerp_mode": "catmullrom"
						},
						"3.625": {
							"post": [0.25, -0.01, 0.5],
							"lerp_mode": "catmullrom"
						},
						"3.7083": {
							"post": [0.24972, -0.01545, 1.74999],
							"lerp_mode": "catmullrom"
						},
						"3.75": {
							"post": [0.25011, -0.00673, -0.24999],
							"lerp_mode": "catmullrom"
						},
						"3.8333": {
							"post": [0.24979, -0.01436, 1.49999],
							"lerp_mode": "catmullrom"
						},
						"3.9167": {
							"post": [2, -0.01, 1.5],
							"lerp_mode": "catmullrom"
						},
						"4.0417": {
							"post": [2.00123, -2.00878, 1.43017],
							"lerp_mode": "catmullrom"
						},
						"4.375": {
							"post": [2.00123, -2.00878, 1.43017],
							"lerp_mode": "catmullrom"
						},
						"4.7917": {
							"post": [0, 0, 0],
							"lerp_mode": "catmullrom"
						},
						"4.875": {
							"post": [0.35176, 0.1488, -0.10594],
							"lerp_mode": "catmullrom"
						},
						"5.0417": {
							"post": [0, 0, 0],
							"lerp_mode": "catmullrom"
						},
						"5.0833": {
							"post": [0, 0, 0.90625],
							"lerp_mode": "catmullrom"
						},
						"5.125": {
							"post": [0, 0, -0.25],
							"lerp_mode": "catmullrom"
						},
						"5.25": {
							"post": [-2, 0, -0.25],
							"lerp_mode": "catmullrom"
						},
						"5.4167": {
							"post": [-2, 0, -0.25],
							"lerp_mode": "catmullrom"
						},
						"5.4583": {
							"post": [-0.24998, 0.00327, 0.49999],
							"lerp_mode": "catmullrom"
						},
						"5.5": {
							"post": [-0.25, -0.00109, -0.5],
							"lerp_mode": "catmullrom"
						},
						"5.5417": {
							"post": [-0.24999, 0.00218, 0.25],
							"lerp_mode": "catmullrom"
						},
						"5.625": {
							"post": [-0.24999, 0.00218, 0.25],
							"lerp_mode": "catmullrom"
						},
						"5.7083": {
							"post": [2.00001, 0.00218, 0.25],
							"lerp_mode": "catmullrom"
						},
						"5.75": {
							"post": [2, 0, 0.25],
							"lerp_mode": "catmullrom"
						},
						"5.8333": {
							"post": [-1.25, 0, 0.25],
							"lerp_mode": "catmullrom"
						},
						"6.0417": {
							"post": [0.24, 0, 0.25],
							"lerp_mode": "catmullrom"
						},
						"6.125": {
							"post": [2.53125, 0, 0.1875],
							"lerp_mode": "catmullrom"
						},
						"6.2083": {
							"post": [3.08931, -0.17, 1.96393],
							"lerp_mode": "catmullrom"
						},
						"6.25": {
							"post": [3.24972, -0.04252, 0.65504],
							"lerp_mode": "catmullrom"
						},
						"6.2917": {
							"post": [3.5, -0.03, 1.525],
							"lerp_mode": "catmullrom"
						},
						"6.375": {
							"post": [4.16, -0.03, 0.77875],
							"lerp_mode": "catmullrom"
						},
						"6.5": {
							"post": [5.25012, -0.03231, 0.83468],
							"lerp_mode": "catmullrom"
						},
						"6.6667": {
							"post": [5.64227, -0.02903, 0.78918],
							"lerp_mode": "catmullrom"
						},
						"6.9167": {
							"post": [3.25, -0.04, 1],
							"lerp_mode": "catmullrom"
						},
						"7.0": {
							"post": [3.24663, -0.15334, 2.99679],
							"lerp_mode": "catmullrom"
						},
						"7.0833": {
							"post": [3.25, -0.04, 1],
							"lerp_mode": "catmullrom"
						},
						"7.1667": {
							"post": [3.25, -0.04, 1],
							"lerp_mode": "catmullrom"
						},
						"7.2083": {
							"post": [3.23687, -0.29473, 4.39906],
							"lerp_mode": "catmullrom"
						},
						"7.25": {
							"post": [3.25024, 0.00252, -0.84254],
							"lerp_mode": "catmullrom"
						},
						"7.3333": {
							"post": [3.24517, -0.18165, 1.99599],
							"lerp_mode": "catmullrom"
						},
						"7.4583": {
							"post": [3.25014, -0.02583, 0.7504],
							"lerp_mode": "catmullrom"
						},
						"7.6667": {
							"post": [0, 0, 0],
							"lerp_mode": "catmullrom"
						},
						"7.9167": {
							"post": [0, 0, 0],
							"lerp_mode": "catmullrom"
						}
					}
				}
			}
		},
		"inspect_empty": {
			"animation_length": 8.25,
			"bones": {
				"lefthand": {
					"rotation": [0, 2.5, 0],
					"position": [0.125, -0.40625, 0],
					"scale": [1, 1.4, 1]
				},
				"righthand": {
					"rotation": [0, 0, 0],
					"position": [0, 0, 0],
					"scale": [1, 1.4, 1]
				},
				"firinghammer": {
					"rotation": {
						"0.0": [0, 0, 0],
						"0.0833": [0, 0, 0],
						"0.125": [50, 0, 0]
					},
					"position": {
						"0.0": [0, 0, 0],
						"0.0833": [0, 0, 0]
					}
				},
				"root": {
					"rotation": {
						"0.0": {
							"post": [0, 0, 0],
							"lerp_mode": "catmullrom"
						},
						"0.0833": {
							"post": [9.9741, -7.19343, -14.96362],
							"lerp_mode": "catmullrom"
						},
						"0.2083": {
							"post": [-0.10912, 2.49762, -2.50238],
							"lerp_mode": "catmullrom"
						},
						"0.2917": {
							"post": [2.76457, 7.70817, 1.98883],
							"lerp_mode": "catmullrom"
						},
						"0.375": {
							"post": [6.99649, 3.82982, 3.6141],
							"lerp_mode": "catmullrom"
						},
						"0.4167": {
							"post": [28.79029, 3.54254, 3.73449],
							"lerp_mode": "catmullrom"
						},
						"0.4583": {
							"post": [-1.20971, 3.54254, 3.73449],
							"lerp_mode": "catmullrom"
						},
						"0.5": {
							"post": [-31.42709, -26.61009, -10.53156],
							"lerp_mode": "catmullrom"
						},
						"0.5417": {
							"post": [-59.60045, 8.83812, 6.22982],
							"lerp_mode": "catmullrom"
						},
						"0.625": {
							"post": [-50.73459, 77.0468, 38.7577],
							"lerp_mode": "catmullrom"
						},
						"0.7083": {
							"post": [-33.77032, 18.44846, 57.44049],
							"lerp_mode": "catmullrom"
						},
						"0.7917": {
							"post": [-30.77451, 4.67832, 66.4939],
							"lerp_mode": "catmullrom"
						},
						"0.8333": {
							"post": [-31.07, 5.13, 67.41],
							"lerp_mode": "catmullrom"
						},
						"0.875": {
							"post": [-31.87072, 8.08128, 65.6437],
							"lerp_mode": "catmullrom"
						},
						"0.9167": {
							"post": [-32.96252, 14.2717, 60.30588],
							"lerp_mode": "catmullrom"
						},
						"1.0417": {
							"post": [-38.15155, 25.91496, 50.94655],
							"lerp_mode": "catmullrom"
						},
						"1.4167": {
							"post": [-62.32558, 44.48352, 37.04539],
							"lerp_mode": "catmullrom"
						},
						"1.875": {
							"post": [-62.76963, 44.06383, 33.10956],
							"lerp_mode": "catmullrom"
						},
						"2.0833": {
							"post": [-63.64018, 39.96267, 31.92959],
							"lerp_mode": "catmullrom"
						},
						"2.3333": {
							"post": [-63.66375, 32.04375, 28.94375],
							"lerp_mode": "catmullrom"
						},
						"2.5417": {
							"post": [-42.20766, 0.42039, -0.10355],
							"lerp_mode": "catmullrom"
						},
						"2.6667": {
							"post": [-3.34, -43.78375, -38.90375],
							"lerp_mode": "catmullrom"
						},
						"2.75": {
							"post": [3.22077, -58.44968, -63.8405],
							"lerp_mode": "catmullrom"
						},
						"3.0": {
							"post": [3.22077, -58.44968, -66.18425],
							"lerp_mode": "catmullrom"
						},
						"3.125": {
							"post": [3.22, -58.45, -66.18],
							"lerp_mode": "catmullrom"
						},
						"3.2083": {
							"post": [12.89617, -52.41752, -78.03331],
							"lerp_mode": "catmullrom"
						},
						"3.2917": {
							"post": [7.82368, -45.47003, -70.29606],
							"lerp_mode": "catmullrom"
						},
						"3.3333": {
							"post": [19.28845, -45.11534, -86.17405],
							"lerp_mode": "catmullrom"
						},
						"3.4167": {
							"post": [7.71203, -47.29028, -71.5255],
							"lerp_mode": "catmullrom"
						},
						"3.5": {
							"post": [7.71, -47.28625, -71.53],
							"lerp_mode": "catmullrom"
						},
						"3.7083": {
							"post": [6.95002, -55.64925, -78.07783],
							"lerp_mode": "catmullrom"
						},
						"3.875": {
							"post": [12.81455, -61.20652, -78.91004],
							"lerp_mode": "catmullrom"
						},
						"4.0": {
							"post": [13.37123, -64.65424, -81.01446],
							"lerp_mode": "catmullrom"
						},
						"4.125": {
							"post": [13.37123, -64.65424, -81.01446],
							"lerp_mode": "catmullrom"
						},
						"4.2917": {
							"post": [6.95, -55.65, -75.73625],
							"lerp_mode": "catmullrom"
						},
						"4.4167": {
							"post": [-12.08625, -27.34, -47.47625],
							"lerp_mode": "catmullrom"
						},
						"4.5833": {
							"post": [-21.66875, 13.09, 17.74125],
							"lerp_mode": "catmullrom"
						},
						"4.7083": {
							"post": [-24.86551, 28.91372, 42.81593],
							"lerp_mode": "catmullrom"
						},
						"4.9583": {
							"post": [-19.5297, 31.64287, 60.24835],
							"lerp_mode": "catmullrom"
						},
						"5.0417": {
							"post": [-19.43, 31.75, 60.69],
							"lerp_mode": "catmullrom"
						},
						"5.0833": {
							"post": [-16.78298, 19.54512, 66.91276],
							"lerp_mode": "catmullrom"
						},
						"5.1667": {
							"post": [-16.51, 18.3, 55.2],
							"lerp_mode": "catmullrom"
						},
						"5.25": {
							"post": [-13.93312, 18.80599, 58.72737],
							"lerp_mode": "catmullrom"
						},
						"5.3333": {
							"post": [-16.78298, 19.54512, 61.91276],
							"lerp_mode": "catmullrom"
						},
						"5.375": {
							"post": [-19.5297, 31.64287, 60.24835],
							"lerp_mode": "catmullrom"
						},
						"5.4583": {
							"post": [-19.43, 31.75, 60.69],
							"lerp_mode": "catmullrom"
						},
						"5.5": {
							"post": [-16.78298, 19.54512, 66.91276],
							"lerp_mode": "catmullrom"
						},
						"5.5833": {
							"post": [-16.51, 18.3, 62.7],
							"lerp_mode": "catmullrom"
						},
						"5.6667": {
							"post": [-16.46, 18.1, 64.18],
							"lerp_mode": "catmullrom"
						},
						"5.75": {
							"post": [-16.78298, 19.54512, 61.91276],
							"lerp_mode": "catmullrom"
						},
						"5.875": {
							"post": [-19.5297, 31.64287, 60.24835],
							"lerp_mode": "catmullrom"
						},
						"5.9583": {
							"post": [-43.91262, 47.91333, 30.93887],
							"lerp_mode": "catmullrom"
						},
						"6.0417": {
							"post": [-53.36774, 49.59866, 16.57759],
							"lerp_mode": "catmullrom"
						},
						"6.0833": {
							"post": [-53.91932, 48.20178, 14.34391],
							"lerp_mode": "catmullrom"
						},
						"6.1667": {
							"post": [-52.91161, 50.01822, 16.6346],
							"lerp_mode": "catmullrom"
						},
						"6.25": {
							"post": [-56.83324, 48.21191, 12.77522],
							"lerp_mode": "catmullrom"
						},
						"6.3333": {
							"post": [-55.21125, 48.62, 16.45],
							"lerp_mode": "catmullrom"
						},
						"6.4167": {
							"post": [-45.38137, 47.91333, 17.12637],
							"lerp_mode": "catmullrom"
						},
						"6.5417": {
							"post": [-19.5297, 31.64287, 31.0921],
							"lerp_mode": "catmullrom"
						},
						"6.7083": {
							"post": [-30.61, -11.47, -3.86625],
							"lerp_mode": "catmullrom"
						},
						"6.8333": {
							"post": [-12.34417, -58.14869, -48.38756],
							"lerp_mode": "catmullrom"
						},
						"7.0417": {
							"post": [-19.88087, -56.75725, -51.70259],
							"lerp_mode": "catmullrom"
						},
						"7.2917": {
							"post": [-13.16, -58, -52.52],
							"lerp_mode": "catmullrom"
						},
						"7.3333": {
							"post": [-31.6953, -54.20252, -34.46596],
							"lerp_mode": "catmullrom"
						},
						"7.4167": {
							"post": [9.08167, -59.92325, -68.57792],
							"lerp_mode": "catmullrom"
						},
						"7.5": {
							"post": [-21.2228, -57.93495, -33.4933],
							"lerp_mode": "catmullrom"
						},
						"7.5833": {
							"post": [-9.9848, -45.08816, -39.85278],
							"lerp_mode": "catmullrom"
						},
						"7.6667": {
							"post": [-10.9212, -24.79354, -22.82856],
							"lerp_mode": "catmullrom"
						},
						"7.7917": {
							"post": [0, -3.875, 0],
							"lerp_mode": "catmullrom"
						},
						"7.875": {
							"post": [0.65731, -0.6564, 3.67677],
							"lerp_mode": "catmullrom"
						},
						"8.0": {
							"post": [0, 0, 0],
							"lerp_mode": "catmullrom"
						}
					},
					"position": {
						"0.0": {
							"post": [0, 0, 0],
							"lerp_mode": "catmullrom"
						},
						"0.0833": {
							"post": [-1.71, -0.66375, 0.12],
							"lerp_mode": "catmullrom"
						},
						"0.2083": {
							"post": [-3.53125, -0.40625, 0],
							"lerp_mode": "catmullrom"
						},
						"0.2917": {
							"post": [-5.01, -0.86875, -0.78],
							"lerp_mode": "catmullrom"
						},
						"0.375": {
							"post": [-8.065, -3.8125, -2.59375],
							"lerp_mode": "catmullrom"
						},
						"0.4167": {
							"post": [-8.50875, -4.43625, -2.73],
							"lerp_mode": "catmullrom"
						},
						"0.5": {
							"post": [-5.665, 2.94625, -2.74],
							"lerp_mode": "catmullrom"
						},
						"0.5417": {
							"post": [-2.46, 7.8275, -2.74],
							"lerp_mode": "catmullrom"
						},
						"0.5833": {
							"post": [0.81375, 8.70125, -2.73],
							"lerp_mode": "catmullrom"
						},
						"0.625": {
							"post": [3.3025, 7.09125, -2.73],
							"lerp_mode": "catmullrom"
						},
						"0.6667": {
							"post": [5.74, 2.4025, -2.73],
							"lerp_mode": "catmullrom"
						},
						"0.75": {
							"post": [5.74, -2.095, -2.73],
							"lerp_mode": "catmullrom"
						},
						"0.8333": {
							"post": [5.74, -1.94875, -2.75],
							"lerp_mode": "catmullrom"
						},
						"0.9167": {
							"post": [5.74, -1.37625, -2.73],
							"lerp_mode": "catmullrom"
						},
						"1.0833": {
							"post": [5.78235, -0.4295, -2.33604],
							"lerp_mode": "catmullrom"
						},
						"1.2917": {
							"post": [5.615, 0.65, -1.35],
							"lerp_mode": "catmullrom"
						},
						"1.5417": {
							"post": [5.37, 2.61625, -0.33],
							"lerp_mode": "catmullrom"
						},
						"1.7917": {
							"post": [5.13, 3.77352, 0.62],
							"lerp_mode": "catmullrom"
						},
						"1.9583": {
							"post": [5.25337, 3.87, 0.61],
							"lerp_mode": "catmullrom"
						},
						"2.2083": {
							"post": [5.46, 3.81125, 0.56],
							"lerp_mode": "catmullrom"
						},
						"2.4583": {
							"post": [5.14625, 3.09375, 0.525],
							"lerp_mode": "catmullrom"
						},
						"2.625": {
							"post": [2.04, 2.775, 0.52],
							"lerp_mode": "catmullrom"
						},
						"2.75": {
							"post": [-1.0375, 2.965, 0.52],
							"lerp_mode": "catmullrom"
						},
						"2.9583": {
							"post": [-1.0375, 2.965, 0.52],
							"lerp_mode": "catmullrom"
						},
						"3.125": {
							"post": [-1.04, 4.31375, 0.52],
							"lerp_mode": "catmullrom"
						},
						"3.2917": {
							"post": [-1.04, 3.02875, 0.52],
							"lerp_mode": "catmullrom"
						},
						"3.4167": {
							"post": [-1.13375, 3.24875, 0.52],
							"lerp_mode": "catmullrom"
						},
						"3.5417": {
							"post": [-1.04, 3.6825, 0.52],
							"lerp_mode": "catmullrom"
						},
						"3.7083": {
							"post": [-1.8525, 4.495, 0.52],
							"lerp_mode": "catmullrom"
						},
						"3.875": {
							"post": [-2.36659, 5.01926, 0.35508],
							"lerp_mode": "catmullrom"
						},
						"4.125": {
							"post": [-2.07, 4.915, 0.38],
							"lerp_mode": "catmullrom"
						},
						"4.3333": {
							"post": [-1.50625, 3.71875, 0.52],
							"lerp_mode": "catmullrom"
						},
						"4.5": {
							"post": [-0.45, 1.455, 1.37],
							"lerp_mode": "catmullrom"
						},
						"4.6667": {
							"post": [0.24375, 1.46875, 1.9575],
							"lerp_mode": "catmullrom"
						},
						"4.9583": {
							"post": [0.20875, 1.72, 1.24125],
							"lerp_mode": "catmullrom"
						},
						"5.0": {
							"post": [0.17825, 1.6523, 1.31535],
							"lerp_mode": "catmullrom"
						},
						"5.0417": {
							"post": [0.21, 1.72, 1.23],
							"lerp_mode": "catmullrom"
						},
						"5.0833": {
							"post": [0.31896, 1.67803, 1.00406],
							"lerp_mode": "catmullrom"
						},
						"5.2083": {
							"post": [0.23499, 1.51772, 1.37899],
							"lerp_mode": "catmullrom"
						},
						"5.3333": {
							"post": [0.26055, 1.49094, 1.29329],
							"lerp_mode": "catmullrom"
						},
						"5.375": {
							"post": [0.20875, 1.72, 1.24125],
							"lerp_mode": "catmullrom"
						},
						"5.4167": {
							"post": [0.17825, 1.6523, 1.31535],
							"lerp_mode": "catmullrom"
						},
						"5.4583": {
							"post": [0.21, 1.72, 1.23],
							"lerp_mode": "catmullrom"
						},
						"5.5417": {
							"post": [0.42432, 1.83454, 0.60933],
							"lerp_mode": "catmullrom"
						},
						"5.625": {
							"post": [0.21463, 1.48509, 1.46449],
							"lerp_mode": "catmullrom"
						},
						"5.75": {
							"post": [0.26055, 1.49094, 1.29329],
							"lerp_mode": "catmullrom"
						},
						"5.875": {
							"post": [0.20875, 1.72, 1.24125],
							"lerp_mode": "catmullrom"
						},
						"6.0": {
							"post": [0.08, 2.83625, 2.87375],
							"lerp_mode": "catmullrom"
						},
						"6.2083": {
							"post": [0.06, 3.31375, 3.08],
							"lerp_mode": "catmullrom"
						},
						"6.375": {
							"post": [0.08, 2.83625, 2.87375],
							"lerp_mode": "catmullrom"
						},
						"6.5417": {
							"post": [0.20875, 1.72, 1.24125],
							"lerp_mode": "catmullrom"
						},
						"6.8333": {
							"post": [-2.25375, 3.79875, -1.7575],
							"lerp_mode": "catmullrom"
						},
						"7.0417": {
							"post": [-2.25375, 4.205, -1.7575],
							"lerp_mode": "catmullrom"
						},
						"7.125": {
							"post": [-2.07046, 4.04154, -1.80345],
							"lerp_mode": "catmullrom"
						},
						"7.2917": {
							"post": [-2.22, 4.18, -1.77],
							"lerp_mode": "catmullrom"
						},
						"7.3333": {
							"post": [-1.31622, 2.3591, -1.89852],
							"lerp_mode": "catmullrom"
						},
						"7.4583": {
							"post": [-1.45685, 2.20005, -1.87737],
							"lerp_mode": "catmullrom"
						},
						"7.5": {
							"post": [-1.33, 2.37625, -1.72],
							"lerp_mode": "catmullrom"
						},
						"7.5833": {
							"post": [-0.77, 2.31375, -1],
							"lerp_mode": "catmullrom"
						},
						"7.75": {
							"post": [0, 0.4375, 0],
							"lerp_mode": "catmullrom"
						},
						"7.875": {
							"post": [0.01336, -0.00877, 0.05095],
							"lerp_mode": "catmullrom"
						},
						"8.0": {
							"post": [0, 0, 0],
							"lerp_mode": "catmullrom"
						}
					}
				},
				"Jrx2011": {
					"rotation": {
						"0.0": [0, 0, 0],
						"0.0417": [0, 0, 0],
						"0.0833": [0, 0, 0],
						"0.125": [0, 0, 0],
						"0.1667": [0, 0, 0],
						"0.2083": [-1.92, 0, 0],
						"0.25": [-4.2, 0, 0],
						"0.2917": [-3.28, 0, 0],
						"0.3333": [9.82, 0, 0],
						"0.375": [22.19, 0, 0],
						"0.4167": [13.03, 0, 0],
						"0.75": {
							"pre": [-1075, 0, 0],
							"post": [0, 0, 0]
						}
					},
					"position": {
						"0.0": [0, 0, 0],
						"0.0417": [0, 0, 0],
						"0.0833": [0, 0, 0],
						"0.125": [0, 0, 0],
						"0.1667": [0, 0, 0]
					}
				},
				"Left_arm": {
					"rotation": {
						"0.0": [0, 0, 0],
						"0.125": [12.68664, -9.76061, -2.18558],
						"2.875": [12.68664, -9.76061, -2.18558],
						"3.125": [12.68664, -9.76061, -2.18558],
						"3.625": [42.89765, 30.45019, 139.11618],
						"3.7083": [42.89765, 30.45019, 139.11618],
						"3.8333": {
							"pre": [36.25882, 38.4465, 127.43587],
							"post": [36.25882, 38.4465, 127.43587],
							"lerp_mode": "catmullrom"
						},
						"4.375": {
							"post": [36.26, 38.45, 127.44],
							"lerp_mode": "catmullrom"
						},
						"4.4583": [-38.05772, 74.11638, 18.12708],
						"4.5": [20.12673, 48.90662, 43.78919],
						"4.5417": [42.86004, 32.6554, 77.67967],
						"4.6667": [39.30491, 45.98245, 13.55728],
						"4.875": [-9.13724, 0.77746, -43.59401],
						"4.9583": [-44.95344, -16.8008, -98.92029],
						"5.0417": [-44.95344, -16.8008, -98.92029],
						"5.0833": [-29.86555, -17.18786, -99.00174],
						"5.125": [-29.86555, -17.18786, -99.00174],
						"5.25": [-40.57822, -26.72846, -90.4952],
						"5.375": [-44.95344, -16.8008, -98.92029],
						"5.5": [-44.64, -18.16, -99.21],
						"5.5417": [-29.86555, -17.18786, -99.00174],
						"5.5833": [-29.86555, -17.18786, -99.00174],
						"5.75": [-41.71388, -26.54765, -90.29494],
						"5.875": [-44.95344, -16.8008, -98.92029],
						"5.9583": [-44.61, -18.31, -99.24],
						"6.2917": [-44.61, -18.31, -99.24],
						"6.5833": [-41.35, -32.67, -102.26],
						"6.7917": [4.57102, 37.07379, 65.46479],
						"7.0417": [4.57, 37.07, 65.46],
						"7.125": [4.57, 37.07, 65.46],
						"7.2917": [4.57, 37.07, 65.46],
						"7.4583": [4.57, 37.07, 65.46],
						"7.625": [-0.90373, 15.97946, 17.65412],
						"7.75": [0, 0, 0]
					},
					"position": {
						"0.0": [0, 0, 0],
						"0.125": [11.34375, -18.46875, 3.8125],
						"0.4167": [11.34, -18.47, 14.52875],
						"0.5417": [6.29378, 9.52195, 31.04624],
						"0.625": [-6.89693, 11.86829, 32.96969],
						"2.5833": [-6.89693, 11.86829, 32.96969],
						"2.875": [1.99583, -15.20054, 12.75419],
						"3.125": [1.99583, -15.20054, 12.75419],
						"3.625": [-0.52498, -4.75695, 1.89973],
						"3.7083": [-0.52498, -4.75695, 1.89973],
						"3.7917": [-0.98, -9.54, 3.60375],
						"3.8333": {
							"pre": [-1.42625, -11.3225, 3.74375],
							"post": [-1.42625, -11.3225, 3.74375],
							"lerp_mode": "catmullrom"
						},
						"4.0": {
							"post": [-4.8675, -11.195, -0.8175],
							"lerp_mode": "catmullrom"
						},
						"4.2083": {
							"post": [-5.21, -11.49375, -1.07],
							"lerp_mode": "catmullrom"
						},
						"4.375": {
							"post": [-4.87, -11.19, -0.82],
							"lerp_mode": "catmullrom"
						},
						"4.4583": [-2.62, -8.0025, -0.82],
						"4.5": [-0.995, -5.6875, -1.2575],
						"4.5417": [-0.71875, -4.94, -2.10375],
						"4.5833": [0.24875, -2.22125, -1.44375],
						"4.6667": [1.375, -0.00125, -1.44],
						"4.8333": [3.305, 1.35, -0.65],
						"4.9167": [2.27, 5.45, 0.14],
						"4.9583": [-0.82746, 6.44633, 2.14152],
						"5.0417": [-0.82746, 6.44633, 2.57902],
						"5.0833": [0.935, 6.45, 4.925],
						"5.125": [0.935, 6.45, 4.925],
						"5.25": [1.04, 7.3875, 1.145],
						"5.375": [-0.82746, 6.44633, 2.14152],
						"5.4167": [-0.66, 6.45, 3.47625],
						"5.5": [-0.66, 6.45, 3.85125],
						"5.5417": [0.935, 6.45, 4.925],
						"5.5833": [0.935, 6.45, 4.925],
						"5.75": [1.04, 7.60625, 1.145],
						"5.875": [-0.82746, 6.44633, 2.14152],
						"5.9583": [-0.66, 6.45, 3.47625],
						"6.2917": [-0.66, 6.45, 3.47625],
						"6.5833": [4.90625, 6.56, 8.535],
						"6.6667": [5.7025, 2.01, 7.36],
						"6.7917": [-0.16125, -11.64625, 3.85],
						"7.0417": [-0.16, -11.65, 3.85],
						"7.125": [-0.06625, -10.2125, 3.725],
						"7.2917": [-0.07, -10.21, 3.73],
						"7.3333": [-0.07, -4.1475, 1.57375],
						"7.4583": [-0.07, -4.15, 1.57],
						"7.625": [1.59656, -2.4598, 0.15015],
						"7.75": [0, 0, 0]
					}
				},
				"Right_arm": {
					"rotation": {
						"0.0": [0, 0, 0],
						"0.0833": [-15, 0, 0],
						"0.125": [-15, 0, 0],
						"0.2083": [0, 0, 0],
						"0.25": [12.5, 0, 0],
						"0.375": [12.45392, -1.08089, 4.88206],
						"0.625": [12.45, -1.08, 4.88],
						"0.6667": [12.45, -1.08, 4.88],
						"0.8333": [0, 0, 0]
					},
					"position": {
						"0.0": [0, 0, 0],
						"0.0833": [0, 0.75, 3.125],
						"0.125": [0, 0.75, 3.125],
						"0.2083": [0, 0, 0],
						"0.375": [0, 0.3125, 0],
						"0.625": [0, 0.31, 0],
						"0.6667": [0, 0.31, 0],
						"0.8333": [0, 0, 0]
					}
				},
				"magazine": {
					"rotation": {
						"3.7083": {
							"pre": [0, 0, 0],
							"post": [0, 0, 0],
							"lerp_mode": "catmullrom"
						},
						"3.8333": {
							"post": [0, 0, 0.34375],
							"lerp_mode": "catmullrom"
						},
						"3.9583": {
							"post": [-4.94809, -0.24545, 32.59906],
							"lerp_mode": "catmullrom"
						},
						"4.4167": {
							"post": [-7.51059, -0.24545, 37.47406],
							"lerp_mode": "catmullrom"
						},
						"4.5833": [-182.99607, -74.13165, 149.76687],
						"6.5417": [-183, -74.13, 149.77],
						"6.5833": [-155.18, -62.86, 127.06],
						"6.625": [-114.19, -46.26, 93.59],
						"6.6667": [-68.81, -27.87, 56.53],
						"6.7083": [-27.82, -11.27, 23.06],
						"6.75": [0, 0, 0.34],
						"6.7917": [9.6, 3.89, -7.5],
						"6.8333": [13.34, 5.4, -10.55],
						"6.875": [12.8, 5.19, -10.11],
						"6.9167": [9.6, 3.89, -7.5],
						"6.9583": [5.34, 2.16, -4.02],
						"7.0": [1.6, 0.65, -0.97],
						"7.0417": [0, 0, 0.34],
						"7.0833": [0, 0, 0.34],
						"7.125": [0, 0, 0.34],
						"7.1667": [0, 0, 0.34],
						"7.2083": [0, 0, 0.34],
						"7.25": [0, 0, 0.34],
						"7.2917": [0, 0, 0.34],
						"7.3333": [0, 0, 0]
					},
					"position": {
						"3.7083": {
							"pre": [0, 0, 0],
							"post": [0, 0, 0],
							"lerp_mode": "catmullrom"
						},
						"3.8333": {
							"post": [0, -7, 2],
							"lerp_mode": "catmullrom"
						},
						"3.9583": {
							"post": [-2.97, -7, -2.46875],
							"lerp_mode": "catmullrom"
						},
						"4.4167": {
							"post": [-2.97, -7, -3.09375],
							"lerp_mode": "catmullrom"
						},
						"4.5833": [0.31125, -0.71875, -2.12125],
						"6.5417": [0.31, -0.72, -2.12],
						"6.5833": [0.26, -1.67, -1.49],
						"6.625": [0.19, -3.08, -0.57],
						"6.6667": [0.12, -4.64, 0.45],
						"6.7083": [0.05, -6.05, 1.37],
						"6.75": [0, -7, 2],
						"6.7917": [-0.02, -7.34, 2.22],
						"6.8333": [-0.02, -7.5, 2.31],
						"6.875": [-0.02, -7.52, 2.3],
						"6.9167": [-0.02, -7.44, 2.23],
						"6.9583": [-0.01, -7.29, 2.13],
						"7.0": [0, -7.14, 2.05],
						"7.0417": [0, -7, 2],
						"7.0833": [0, -6.23, 1.91],
						"7.125": [0, -5.47, 1.81],
						"7.1667": [0, -5.47, 1.81],
						"7.2083": [0, -5.47, 1.81],
						"7.25": [0, -5.47, 1.81],
						"7.2917": [0, -5.47, 1.81],
						"7.3333": [0, 0, 0]
					}
				},
				"slider": {
					"rotation": {
						"0.0": [0, 0, 0],
						"4.9583": [0, 0, 0],
						"5.0417": [0, 0, 0],
						"5.0833": [0, 0, 0],
						"5.375": [0, 0, 0],
						"5.4167": [0, 0, 0],
						"5.5": [0, 0, 0],
						"5.5417": [0, 0, 0],
						"5.875": [0, 0, 0],
						"5.9583": [0, 0, 0],
						"6.2917": [0, 0, 0]
					},
					"position": {
						"0.0": [0, 0, 1.72375],
						"4.9583": [0, 0, 1.72],
						"5.0417": [0, 0, 1.9075],
						"5.0833": [0, 0, 0],
						"5.375": [0, 0, 0],
						"5.4167": [0, 0, 1.72],
						"5.5": [0, 0, 1.9075],
						"5.5417": [0, 0, 0],
						"5.875": [0, 0, 0],
						"5.9583": [0, 0, 1.72],
						"6.2917": [0, 0, 1.72]
					},
					"scale": 1
				},
				"jws_ammo2": {
					"scale": 0
				},
				"jws_ammo": {
					"position": [0, 0, 0],
					"scale": 0
				},
				"camera": {
					"rotation": {
						"0.0": {
							"post": [0, 0, 0],
							"lerp_mode": "catmullrom"
						},
						"0.125": {
							"post": [0.75006, 0.74994, 0.00982],
							"lerp_mode": "catmullrom"
						},
						"0.25": {
							"post": [1.1, 1.65875, 0.04],
							"lerp_mode": "catmullrom"
						},
						"0.3333": {
							"post": [1.25167, 2.9994, 0.05896],
							"lerp_mode": "catmullrom"
						},
						"0.4583": {
							"post": [1.25167, 2.9994, 0.05896],
							"lerp_mode": "catmullrom"
						},
						"0.5833": {
							"post": [-1.31083, 2.9994, 0.05896],
							"lerp_mode": "catmullrom"
						},
						"0.6667": {
							"post": [-1.3125, 1.53125, 0.06],
							"lerp_mode": "catmullrom"
						},
						"0.75": {
							"post": [2.37447, -3.24519, 0.30528],
							"lerp_mode": "catmullrom"
						},
						"0.8333": {
							"post": [3.4651, -3.39728, 3.05569],
							"lerp_mode": "catmullrom"
						},
						"0.9167": {
							"post": [3.22105, -3.27341, 1.61779],
							"lerp_mode": "catmullrom"
						},
						"1.0": {
							"post": [3.10489, -3.38377, 2.61812],
							"lerp_mode": "catmullrom"
						},
						"1.0833": {
							"post": [3.3, -4.06, 1.8875],
							"lerp_mode": "catmullrom"
						},
						"1.1667": {
							"post": [3.10964, -4.63193, 2.26895],
							"lerp_mode": "catmullrom"
						},
						"1.5417": {
							"post": [-0.14933, -3.89695, -0.52476],
							"lerp_mode": "catmullrom"
						},
						"1.9583": {
							"post": [-1.4531, -5.09613, -0.47263],
							"lerp_mode": "catmullrom"
						},
						"2.1667": {
							"post": [-0.05421, -5.63973, 0.75228],
							"lerp_mode": "catmullrom"
						},
						"2.4583": {
							"post": [-0.05, -5.64, -0.28],
							"lerp_mode": "catmullrom"
						},
						"2.625": {
							"post": [1.76298, -3.21072, -0.15947],
							"lerp_mode": "catmullrom"
						},
						"2.8333": {
							"post": [0, 0, 0],
							"lerp_mode": "catmullrom"
						},
						"3.0833": {
							"post": [-0.75, 0, 0],
							"lerp_mode": "catmullrom"
						},
						"3.25": {
							"post": [0.25, 0, 0],
							"lerp_mode": "catmullrom"
						},
						"3.3333": {
							"post": [0.24991, -0.00654, 0.78124],
							"lerp_mode": "catmullrom"
						},
						"3.4167": {
							"post": [0.24994, -0.00545, -0.59376],
							"lerp_mode": "catmullrom"
						},
						"3.5": {
							"post": [0.24985, -0.00872, 0.49998],
							"lerp_mode": "catmullrom"
						},
						"3.625": {
							"post": [0.25, -0.01, 0.5],
							"lerp_mode": "catmullrom"
						},
						"3.7083": {
							"post": [0.24972, -0.01545, 1.74999],
							"lerp_mode": "catmullrom"
						},
						"3.75": {
							"post": [0.25011, -0.00673, -0.24999],
							"lerp_mode": "catmullrom"
						},
						"3.8333": {
							"post": [0.24979, -0.01436, 1.49999],
							"lerp_mode": "catmullrom"
						},
						"3.9167": {
							"post": [2, -0.01, 1.5],
							"lerp_mode": "catmullrom"
						},
						"4.0417": {
							"post": [2.00123, -2.00878, 1.43017],
							"lerp_mode": "catmullrom"
						},
						"4.375": {
							"post": [2.90748, -2.00878, 1.43017],
							"lerp_mode": "catmullrom"
						},
						"4.5417": {
							"post": [3.88499, -1.01377, 0.72196],
							"lerp_mode": "catmullrom"
						},
						"4.6667": {
							"post": [3.72625, -0.34, 0.25],
							"lerp_mode": "catmullrom"
						},
						"4.7917": {
							"post": [0, 0, 0],
							"lerp_mode": "catmullrom"
						},
						"4.875": {
							"post": [0.35, 0.15, -0.11],
							"lerp_mode": "catmullrom"
						},
						"5.0417": {
							"post": [0.5, 0.15, 0.4925],
							"lerp_mode": "catmullrom"
						},
						"5.0833": {
							"post": [0.53786, 0.12458, 1.62921],
							"lerp_mode": "catmullrom"
						},
						"5.125": {
							"post": [0.56172, 0.15209, 0.01319],
							"lerp_mode": "catmullrom"
						},
						"5.2083": {
							"post": [0.63493, 0.11497, 1.61467],
							"lerp_mode": "catmullrom"
						},
						"5.2917": {
							"post": [0.74113, 0.12399, 0.3904],
							"lerp_mode": "catmullrom"
						},
						"5.375": {
							"post": [0.5, 0.15, 0.4925],
							"lerp_mode": "catmullrom"
						},
						"5.4167": {
							"post": [0.53786, 0.12458, 1.62921],
							"lerp_mode": "catmullrom"
						},
						"5.4583": {
							"post": [0.56172, 0.15209, 0.01319],
							"lerp_mode": "catmullrom"
						},
						"5.5417": {
							"post": [0.63493, 0.11497, 1.61467],
							"lerp_mode": "catmullrom"
						},
						"5.6667": {
							"post": [0.74113, 0.12399, 1.2029],
							"lerp_mode": "catmullrom"
						},
						"5.875": {
							"post": [1.01, 0.11, 1.1],
							"lerp_mode": "catmullrom"
						},
						"5.9167": {
							"post": [1.06142, 0.0745, 2.84479],
							"lerp_mode": "catmullrom"
						},
						"5.9583": {
							"post": [1.10452, 0.10539, 1.0859],
							"lerp_mode": "catmullrom"
						},
						"6.25": {
							"post": [4.30668, 0.07807, 0.88734],
							"lerp_mode": "catmullrom"
						},
						"6.5833": {
							"post": [3.96664, 0.03452, 0.81612],
							"lerp_mode": "catmullrom"
						},
						"7.0417": {
							"post": [3.25, -0.04, 1],
							"lerp_mode": "catmullrom"
						},
						"7.125": {
							"post": [3.24663, -0.15334, 2.99679],
							"lerp_mode": "catmullrom"
						},
						"7.2083": {
							"post": [3.25, -0.04, 1],
							"lerp_mode": "catmullrom"
						},
						"7.2917": {
							"post": [3.25, -0.04, 1],
							"lerp_mode": "catmullrom"
						},
						"7.3333": {
							"post": [3.23687, -0.29473, 3.11781],
							"lerp_mode": "catmullrom"
						},
						"7.375": {
							"post": [3.25024, 0.00252, -0.84254],
							"lerp_mode": "catmullrom"
						},
						"7.4583": {
							"post": [3.24517, -0.18165, 1.40224],
							"lerp_mode": "catmullrom"
						},
						"7.5833": {
							"post": [2.43764, -0.02583, 0.28165],
							"lerp_mode": "catmullrom"
						},
						"7.7917": {
							"post": [0, 0, 0],
							"lerp_mode": "catmullrom"
						},
						"8.0417": {
							"post": [0, 0, 0],
							"lerp_mode": "catmullrom"
						}
					}
				}
			}
		},
		"put_away": {
			"animation_length": 0.4167,
			"bones": {
				"root": {
					"rotation": {
						"0.0": [0, 0, 0],
						"0.0417": [-3.39, -1.76, -1.69],
						"0.0833": [-8.22, -4.36, -4.2],
						"0.125": [-13.9, -6.73, -6.48],
						"0.1667": [-19.88, -7.76, -7.47],
						"0.2083": [-26.89, -6.73, -6.48],
						"0.25": [-34.94, -4.36, -4.2],
						"0.2917": [-42.36, -1.76, -1.69],
						"0.3333": [-47.5, 0, 0]
					},
					"position": {
						"0.0": [0, 0, 0],
						"0.0417": [0.01, 0.54, 0.4],
						"0.0833": [0.02, 1.4, 0.97],
						"0.125": [0.03, 1.84, 1.59],
						"0.1667": [0.03, 1.13, 2.13],
						"0.2083": [0.03, -1.52, 2.6],
						"0.25": [0.02, -5.52, 3.06],
						"0.2917": [0.01, -14.59125, 3.45],
						"0.3333": [0, -21.6225, 8.5325]
					}
				},
				"Left_arm": {
					"rotation": {
						"0.0": [0, 0, 0],
						"0.1667": {
							"pre": [-19.92724, 5.41022, -5.83828],
							"post": [-19.92724, 5.41022, -5.83828],
							"lerp_mode": "catmullrom"
						},
						"0.4167": {
							"post": [-4.37736, -0.38389, -0.52678],
							"lerp_mode": "catmullrom"
						}
					},
					"position": {
						"0.0": [0, 0, 0],
						"0.1667": {
							"pre": [4.75, -1.3125, 0.59375],
							"post": [4.75, -1.3125, 0.59375],
							"lerp_mode": "catmullrom"
						},
						"0.4167": {
							"post": [5.9375, -2.25, 0.59375],
							"lerp_mode": "catmullrom"
						}
					},
					"scale": [1, 1, 1.4]
				},
				"lefthand": {
					"scale": 1
				},
				"Right_arm": {
					"position": [0, 0.09375, 0.34375],
					"scale": [1, 1, 1.4]
				},
				"righthand": {
					"scale": 1
				},
				"camera": {
					"rotation": {
						"0.0": {
							"post": [0, 0, 0],
							"lerp_mode": "catmullrom"
						},
						"0.2083": {
							"post": [-0.74989, 0.01309, 0.99991],
							"lerp_mode": "catmullrom"
						},
						"0.375": {
							"post": [0, 0, 0],
							"lerp_mode": "catmullrom"
						}
					}
				}
			}
		},
		"run_start": {
			"animation_length": 0.2917,
			"bones": {
				"root": {
					"rotation": {
						"0.0": [0, 0, 0],
						"0.0417": [0.94, -10.08, 2.41],
						"0.0833": [2, -24.01, 5.76],
						"0.125": [1.1, -34.63, 8.37],
						"0.1667": [-3.72, -38.63, 9.52],
						"0.2083": [-10.49, -39.31, 9.94],
						"0.25": [-15.42, -39.46, 10.16]
					},
					"position": {
						"0.0": [0, 0, 0],
						"0.0417": [0.59, -0.65, -0.29],
						"0.0833": [1.44, -1.55, -0.7],
						"0.125": [2.34, -2.27, -1.11],
						"0.1667": [3.34, -2.61, -1.52],
						"0.2083": [4.39, -2.76, -1.93],
						"0.25": [5.13, -2.84, -2.22]
					}
				},
				"lefthand": {
					"scale": 1
				},
				"righthand": {
					"scale": 1
				}
			}
		},
		"run": {
			"loop": true,
			"animation_length": 0.7083,
			"bones": {
				"root": {
					"rotation": {
						"0.0": {
							"post": [-15.42473, -39.46203, 10.16043],
							"lerp_mode": "catmullrom"
						},
						"0.0833": {
							"post": [-15.65247, -40.31383, 9.752],
							"lerp_mode": "catmullrom"
						},
						"0.2083": {
							"post": [-19.53155, -32.46086, 8.31091],
							"lerp_mode": "catmullrom"
						},
						"0.3333": {
							"post": [-19.3577, -43.1407, 11.92265],
							"lerp_mode": "catmullrom"
						},
						"0.4167": {
							"post": [-28.56516, -49.91728, 13.78845],
							"lerp_mode": "catmullrom"
						},
						"0.5833": {
							"post": [-15.84149, -40.37023, 14.30434],
							"lerp_mode": "catmullrom"
						},
						"0.7083": {
							"post": [-15.42473, -39.46203, 10.16043],
							"lerp_mode": "catmullrom"
						}
					},
					"position": {
						"0.0": {
							"post": [5.75, -3.6875, -2.21875],
							"lerp_mode": "catmullrom"
						},
						"0.0833": {
							"post": [7.21875, -4.05875, -2.22],
							"lerp_mode": "catmullrom"
						},
						"0.2083": {
							"post": [8.4075, -2.6175, -2.595],
							"lerp_mode": "catmullrom"
						},
						"0.3333": {
							"post": [8.97, -4.8675, -3.845],
							"lerp_mode": "catmullrom"
						},
						"0.4583": {
							"post": [6.81375, -4.87, -2.595],
							"lerp_mode": "catmullrom"
						},
						"0.5833": {
							"post": [6.5325, -3.0275, -2.845],
							"lerp_mode": "catmullrom"
						},
						"0.7083": {
							"post": [5.8125, -3.75, -2.21875],
							"lerp_mode": "catmullrom"
						}
					}
				},
				"Left_arm": {
					"rotation": [0, 0, 0],
					"position": [0, 0, 0]
				},
				"Right_arm": {
					"rotation": [0, 0, 0],
					"position": [0, 0, 0]
				}
			}
		},
		"run_end": {
			"animation_length": 0.6667,
			"bones": {
				"root": {
					"rotation": {
						"0.0": {
							"post": [-15.42473, -39.46203, 10.16043],
							"lerp_mode": "catmullrom"
						},
						"0.125": {
							"post": [1.0987, -34.628, 8.37077],
							"lerp_mode": "catmullrom"
						},
						"0.25": {
							"post": [0, -6.46875, 0],
							"lerp_mode": "catmullrom"
						},
						"0.375": {
							"post": [-1.56867, 2.16425, -0.52317],
							"lerp_mode": "catmullrom"
						},
						"0.5": {
							"post": [0, 0, 0],
							"lerp_mode": "catmullrom"
						}
					},
					"position": {
						"0.0": {
							"post": [5.40625, -3.25, -2.21875],
							"lerp_mode": "catmullrom"
						},
						"0.125": {
							"post": [2.34, -2.27, -1.11],
							"lerp_mode": "catmullrom"
						},
						"0.25": {
							"post": [0, 0, 0],
							"lerp_mode": "catmullrom"
						},
						"0.5": {
							"post": [0, 0, 0],
							"lerp_mode": "catmullrom"
						}
					}
				}
			}
		},
		"draw": {
			"animation_length": 0.6667,
			"bones": {
				"root": {
					"rotation": {
						"0.0": {
							"post": [-25, 0, 0],
							"lerp_mode": "catmullrom"
						},
						"0.0833": {
							"post": [-18.73011, -15.58394, -25.96295],
							"lerp_mode": "catmullrom"
						},
						"0.1667": {
							"post": [-12.38453, -7.75781, -7.46892],
							"lerp_mode": "catmullrom"
						},
						"0.3333": {
							"post": [-0.96875, 0, 0],
							"lerp_mode": "catmullrom"
						},
						"0.4583": {
							"post": [0.3625, 0, 0],
							"lerp_mode": "catmullrom"
						},
						"0.5833": {
							"post": [0, 0, 0],
							"lerp_mode": "catmullrom"
						}
					},
					"position": {
						"0.0": {
							"post": [0, -12.3125, 0.4375],
							"lerp_mode": "catmullrom"
						},
						"0.1667": {
							"post": [0, -0.2775, 0.85],
							"lerp_mode": "catmullrom"
						},
						"0.3333": {
							"post": [0, -0.40625, 0],
							"lerp_mode": "catmullrom"
						},
						"0.4583": {
							"post": [0, 0, 0],
							"lerp_mode": "catmullrom"
						},
						"0.625": {
							"post": [0, 0, 0],
							"lerp_mode": "catmullrom"
						}
					}
				},
				"Left_arm": {
					"rotation": {
						"0.0": {
							"post": [-4.37736, -0.38389, -0.52678],
							"lerp_mode": "catmullrom"
						},
						"0.1667": {
							"post": [-20.22501, -11.0415, 0.15556],
							"lerp_mode": "catmullrom"
						},
						"0.3333": [0, 0, 0]
					},
					"position": {
						"0.0": {
							"post": [5.9375, -2.25, 0.59375],
							"lerp_mode": "catmullrom"
						},
						"0.1667": {
							"post": [4.21875, -0.875, -2.03125],
							"lerp_mode": "catmullrom"
						},
						"0.3333": [0, 0, 0]
					}
				},
				"lefthand": {
					"rotation": [0, 2.5, 0],
					"position": [0.125, -0.40625, 0],
					"scale": [1, 1.4, 1]
				},
				"righthand": {
					"rotation": [0, 0, 0],
					"position": [0, 0, 0],
					"scale": [1, 1.4, 1]
				},
				"camera": {
					"rotation": {
						"0.0": {
							"post": [0, 0, 0],
							"lerp_mode": "catmullrom"
						},
						"0.2083": {
							"post": [-0.74989, 0.01309, 0.99991],
							"lerp_mode": "catmullrom"
						},
						"0.375": {
							"post": [0.50011, 0.01309, 0.99991],
							"lerp_mode": "catmullrom"
						},
						"0.6667": {
							"post": [0, 0, 0],
							"lerp_mode": "catmullrom"
						}
					}
				}
			}
		},
		"run_hold": {
			"animation_length": 0.25,
			"bones": {
				"firinghammer": {
					"rotation": [0, 0, 0],
					"position": [0, 0, 0]
				},
				"root": {
					"rotation": [-16.83, -37.65, 9.16],
					"position": [7.66, -3.58, -2.28]
				}
			}
		},
		"walk_aiming": {
			"loop": true,
			"animation_length": 1.125,
			"bones": {
				"firinghammer": {
					"rotation": [0, 0, 0],
					"position": [0, 0, 0]
				},
				"root": {
					"rotation": {
						"0.0": {
							"post": [0, 0, 0],
							"lerp_mode": "catmullrom"
						},
						"0.25": {
							"post": [0, -0.3125, 0.15625],
							"lerp_mode": "catmullrom"
						},
						"0.5417": {
							"post": [0, 0, 0.0625],
							"lerp_mode": "catmullrom"
						},
						"0.625": {
							"post": [0, 0, 0],
							"lerp_mode": "catmullrom"
						},
						"0.875": {
							"post": [0.21875, 0, -0.125],
							"lerp_mode": "catmullrom"
						},
						"1.125": {
							"post": [0, 0, 0],
							"lerp_mode": "catmullrom"
						}
					},
					"position": {
						"0.0": {
							"post": [0, 0, 0],
							"lerp_mode": "catmullrom"
						},
						"0.25": {
							"post": [-0.02, -0.07283, 0],
							"lerp_mode": "catmullrom"
						},
						"0.5": {
							"post": [-0.04158, 0, 0],
							"lerp_mode": "catmullrom"
						},
						"0.625": {
							"post": [-0.04158, 0, 0],
							"lerp_mode": "catmullrom"
						},
						"0.875": {
							"post": [-0.02, -0.07283, 0],
							"lerp_mode": "catmullrom"
						},
						"1.125": {
							"post": [0, 0, 0],
							"lerp_mode": "catmullrom"
						}
					}
				}
			}
		}
	}
}