{
  "materials": [
    {
      "item": {
        "tag": "forge:ingots/gold"
      },
      "count": 15
    },
    {
      "item": {
        "item": "minecraft:redstone"
      },
      "count": 15
    },
    {
      "item": {
        "item": "minecraft:blaze_powder"
      },
      "count": 6
    },
    {
      "item": {
        "item": "minecraft:ender_pearl"
      },
      "count": 3
    }
  ],
  "result": {
    "type": "gun",
    "id": "elitex:origin_electric_staff"
  },
  "type": "tacz:gun_smith_table_crafting"
}
