{
  "ammo": "elitex:waffe_ammo",
  "ammo_amount": 3,
  "bolt": "closed_bolt",
  "rpm": 120,
  "bullet": {
    "life": 0.85,
    "damage": 140,
    "tracer_count_interval": 0,
    "extra_damage": {
      "armor_ignore": 0.35,
      "head_shot_multiplier": 1.8,
      "damage_adjust": [
        {"distance": 8.5, "damage": 140},
        {"distance": 17.5, "damage": 120},
        {"distance": 32, "damage": 110},
        {"distance": "infinite", "damage": 100}
      ]
    },
    "speed": 260,
    "gravity": 0.0245,
    "knockback": 0,
    "friction": 0.01,
    "ignite":true,
    "pierce": 1,
      "explosion": {
      "explode": true,
      "damage": 80,
      "radius": 2,
      "knockback": true,
      "destroy_block": false,
      "delay": 2
   }
  },
  "reload": {
    "type": "magazine",
    "feed": {
      "empty": 3.17,
      "tactical": 3.17
    },
    "cooldown": {
      "empty": 4.25,
      "tactical": 4.25
    }
  },
  "draw_time": 0.67,
  "put_away_time": 0.54,
  "aim_time": 0.1,
  "sprint_time": 0.25,
  "fire_mode": [
    "semi"
  ],
  "recoil": {
    "pitch": [
      {"time": 0, "value": [0.725, 0.725]},
      {"time": 0.26, "value": [0.725, 0.725]},
      {"time": 0.48, "value": [-0.215, -0.215]},
      {"time": 0.72, "value": [0, 0]}
    ],
    "yaw": [
      {"time": 0, "value": [-0.15, 0.45]},
      {"time": 0.43, "value": [0, 0.1]},
      {"time": 0.6, "value": [0, 0]}
    ]
  },
  "inaccuracy": {
    "stand": 1.45,
    "move": 2.25,
    "sneak": 0.9,
    "lie": 0.6,
    "aim": 0.12
  },
  "move_speed": {
    "base": 0.92,
    "aim": 0.68
  }
}