{
  "model": "elitex:gun/akx105_geo",
  "texture": "elitex:gun/uv/akx105",
  "hud": "elitex:gun/hud/akx105",
  "slot": "elitex:gun/slot/akx105",
  "animation": "elitex:akx105",
  "use_default_animation": "rifle",
  "third_person_animation": "default",
  "transform": {
    "scale": {
      "thirdperson": [0.7, 0.7, 0.7],
      "ground": [0.6, 0.6, 0.6],
      "fixed": [1, 1, 1]
    }
  },
  "muzzle_flash": {
    "texture": "tacz:flash/common_muzzle_flash",
    "scale": 1.2
  },
  "iron_zoom": 1.3,
  "shell": {
    "initial_velocity": [5, 2, 1],
    "random_velocity": [1, 1, 0.25],
    "acceleration": [0.0, -10, 0.0],
    "angular_velocity": [360, -1200, 90],
    "living_time": 2.1
  },
  "sounds": {
    "shoot": "elitex:assault_rifles/akx105/akx105_fire",
    "shoot_3p": "elitex:assault_rifles/akx105/akx105_fire_3p",
    "reload_empty": "elitex:assault_rifles/akx105/akx105_empty_reload",
    "reload_tactical": "elitex:assault_rifles/akx105/akx105_normal_reload",
    "inspect": "elitex:assault_rifles/akx105/akx105_inspect",
    "inspect_empty": "elitex:assault_rifles/akx105/akx105_inspect_empty",
    "draw": "elitex:assault_rifles/akx105/akx105_draw",
    "put_away": "elitex:assault_rifles/akx105/akx105_put_away",
    "silence": "elitex:assault_rifles/akx105/akx105_suppressed_fire",
    "silence_3p": "elitex:assault_rifles/akx105/akx105_suppressed_fire_3p",
    "dry_fire":  "elitex:assault_rifles/akx105/akx105_dry_fire",
    "fire_select": "elitex:assault_rifles/akx105/akx105_fire_select",
    "head_hit": "tacz:head_hit",
    "flesh_hit": "tacz:flesh_hit",
    "kill": "tacz:kill"
  },
  "offhand_show": {
    "pos": [1, 20, 3.5],
    "rotate": [0, 0, 60],
    "scale": [0.5, 0.5, 0.5]
  },
  "hotbar_show": {
    "0": {
      "pos": [-1, 20, 3],
      "rotate": [-180, 0, 120],
      "scale": [0.5, 0.5, 0.5]
    }
  }
}